feature,importance,absolute_importance,model,experiment_id,include_prior_grades,use_interactions
failures,-1.1546770918830604,1.1546770918830604,linear_regression,early_warning__baseline_features,False,False
Mjob_health,1.150486293083205,1.150486293083205,linear_regression,early_warning__baseline_features,False,False
Fjob_teacher,1.1075340707898789,1.1075340707898789,linear_regression,early_warning__baseline_features,False,False
subject_mat,-0.841537405816033,0.841537405816033,linear_regression,early_warning__baseline_features,False,False
subject_por,0.8415374058160323,0.8415374058160323,linear_regression,early_warning__baseline_features,False,False
higher_no,-0.8303724290161327,0.8303724290161327,linear_regression,early_warning__baseline_features,False,False
higher_yes,0.8303724290161324,0.8303724290161324,linear_regression,early_warning__baseline_features,False,False
schoolsup_no,0.6655699273582314,0.6655699273582314,linear_regression,early_warning__baseline_features,False,False
schoolsup_yes,-0.6655699273582314,0.6655699273582314,linear_regression,early_warning__baseline_features,False,False
Mjob_other,-0.5318770437360895,0.5318770437360895,linear_regression,early_warning__baseline_features,False,False
Fjob_services,-0.5308827224845382,0.5308827224845382,linear_regression,early_warning__baseline_features,False,False
Mjob_teacher,-0.44306960920974486,0.44306960920974486,linear_regression,early_warning__baseline_features,False,False
Mjob_at_home,-0.4346825678676429,0.4346825678676429,linear_regression,early_warning__baseline_features,False,False
guardian_other,0.4213424733360237,0.4213424733360237,linear_regression,early_warning__baseline_features,False,False
studytime,0.3925775521210217,0.3925775521210217,linear_regression,early_warning__baseline_features,False,False
health,-0.38167137444568233,0.38167137444568233,linear_regression,early_warning__baseline_features,False,False
reason_reputation,0.3684679090189201,0.3684679090189201,linear_regression,early_warning__baseline_features,False,False
school_MS,-0.3420935674493503,0.3420935674493503,linear_regression,early_warning__baseline_features,False,False
school_GP,0.34209356744934966,0.34209356744934966,linear_regression,early_warning__baseline_features,False,False
romantic_no,0.31953676866122316,0.31953676866122316,linear_regression,early_warning__baseline_features,False,False
romantic_yes,-0.31953676866122316,0.31953676866122316,linear_regression,early_warning__baseline_features,False,False
guardian_mother,-0.287247705448178,0.287247705448178,linear_regression,early_warning__baseline_features,False,False
goout,-0.2865171612774484,0.2865171612774484,linear_regression,early_warning__baseline_features,False,False
Mjob_services,0.2591429277302723,0.2591429277302723,linear_regression,early_warning__baseline_features,False,False
Fjob_health,-0.2442767894772312,0.2442767894772312,linear_regression,early_warning__baseline_features,False,False
reason_other,-0.23477436680856412,0.23477436680856412,linear_regression,early_warning__baseline_features,False,False
Fjob_other,-0.21828890584174976,0.21828890584174976,linear_regression,early_warning__baseline_features,False,False
reason_home,-0.20071378055574754,0.20071378055574754,linear_regression,early_warning__baseline_features,False,False
famrel,0.17856998884159989,0.17856998884159989,linear_regression,early_warning__baseline_features,False,False
address_U,0.16374532187046575,0.16374532187046575,linear_regression,early_warning__baseline_features,False,False
address_R,-0.16374532187046567,0.16374532187046567,linear_regression,early_warning__baseline_features,False,False
Medu,0.15380936590172667,0.15380936590172667,linear_regression,early_warning__baseline_features,False,False
famsize_GT3,-0.1378205909776012,0.1378205909776012,linear_regression,early_warning__baseline_features,False,False
famsize_LE3,0.13782059097760058,0.13782059097760058,linear_regression,early_warning__baseline_features,False,False
guardian_father,-0.13409476788784652,0.13409476788784652,linear_regression,early_warning__baseline_features,False,False
famsup_yes,-0.13006533217178343,0.13006533217178343,linear_regression,early_warning__baseline_features,False,False
famsup_no,0.13006533217178334,0.13006533217178334,linear_regression,early_warning__baseline_features,False,False
internet_no,-0.11474487689527962,0.11474487689527962,linear_regression,early_warning__baseline_features,False,False
internet_yes,0.11474487689527954,0.11474487689527954,linear_regression,early_warning__baseline_features,False,False
Fjob_at_home,-0.11408565298635952,0.11408565298635952,linear_regression,early_warning__baseline_features,False,False
Dalc,-0.10705817208603194,0.10705817208603194,linear_regression,early_warning__baseline_features,False,False
nursery_yes,-0.09702048263863611,0.09702048263863611,linear_regression,early_warning__baseline_features,False,False
nursery_no,0.09702048263863602,0.09702048263863602,linear_regression,early_warning__baseline_features,False,False
absences,0.06896080768550855,0.06896080768550855,linear_regression,early_warning__baseline_features,False,False
Fedu,0.06881116078422272,0.06881116078422272,linear_regression,early_warning__baseline_features,False,False
reason_course,0.06702023834539139,0.06702023834539139,linear_regression,early_warning__baseline_features,False,False
freetime,0.059263421826319634,0.059263421826319634,linear_regression,early_warning__baseline_features,False,False
activities_no,-0.0489236095462898,0.0489236095462898,linear_regression,early_warning__baseline_features,False,False
activities_yes,0.04892360954628974,0.04892360954628974,linear_regression,early_warning__baseline_features,False,False
age,0.04265895715205531,0.04265895715205531,linear_regression,early_warning__baseline_features,False,False
sex_F,-0.03414639266576808,0.03414639266576808,linear_regression,early_warning__baseline_features,False,False
sex_M,0.034146392665767564,0.034146392665767564,linear_regression,early_warning__baseline_features,False,False
paid_no,-0.03283378097870315,0.03283378097870315,linear_regression,early_warning__baseline_features,False,False
paid_yes,0.03283378097870304,0.03283378097870304,linear_regression,early_warning__baseline_features,False,False
Walc,0.020706317735965873,0.020706317735965873,linear_regression,early_warning__baseline_features,False,False
traveltime,-0.01715966377049971,0.01715966377049971,linear_regression,early_warning__baseline_features,False,False
Pstatus_T,-0.005908638742382788,0.005908638742382788,linear_regression,early_warning__baseline_features,False,False
Pstatus_A,0.005908638742382569,0.005908638742382569,linear_regression,early_warning__baseline_features,False,False
failures,-1.1538164415976508,1.1538164415976508,ridge,early_warning__baseline_features,False,False
Mjob_health,1.1305612947648276,1.1305612947648276,ridge,early_warning__baseline_features,False,False
Fjob_teacher,1.0808376991697126,1.0808376991697126,ridge,early_warning__baseline_features,False,False
subject_mat,-0.8378632429299131,0.8378632429299131,ridge,early_warning__baseline_features,False,False
subject_por,0.8378632429299049,0.8378632429299049,ridge,early_warning__baseline_features,False,False
higher_yes,0.8232966896885855,0.8232966896885855,ridge,early_warning__baseline_features,False,False
higher_no,-0.8232966896885495,0.8232966896885495,ridge,early_warning__baseline_features,False,False
schoolsup_no,0.6609498306024584,0.6609498306024584,ridge,early_warning__baseline_features,False,False
schoolsup_yes,-0.6609498306023674,0.6609498306023674,ridge,early_warning__baseline_features,False,False
Mjob_other,-0.5268195404758063,0.5268195404758063,ridge,early_warning__baseline_features,False,False
Fjob_services,-0.5245091809161205,0.5245091809161205,ridge,early_warning__baseline_features,False,False
Mjob_teacher,-0.4347166189692145,0.4347166189692145,ridge,early_warning__baseline_features,False,False
Mjob_at_home,-0.4287182109200929,0.4287182109200929,ridge,early_warning__baseline_features,False,False
guardian_other,0.41303279296489565,0.41303279296489565,ridge,early_warning__baseline_features,False,False
studytime,0.3913042427400776,0.3913042427400776,ridge,early_warning__baseline_features,False,False
health,-0.3803513065434805,0.3803513065434805,ridge,early_warning__baseline_features,False,False
reason_reputation,0.3672016819806297,0.3672016819806297,ridge,early_warning__baseline_features,False,False
school_GP,0.34139479364629544,0.34139479364629544,ridge,early_warning__baseline_features,False,False
school_MS,-0.3413947936462531,0.3413947936462531,ridge,early_warning__baseline_features,False,False
romantic_no,0.3179620934856759,0.3179620934856759,ridge,early_warning__baseline_features,False,False
romantic_yes,-0.3179620934855155,0.3179620934855155,ridge,early_warning__baseline_features,False,False
goout,-0.28513444264103965,0.28513444264103965,ridge,early_warning__baseline_features,False,False
guardian_mother,-0.28347834320209975,0.28347834320209975,ridge,early_warning__baseline_features,False,False
Mjob_services,0.25969307560016314,0.25969307560016314,ridge,early_warning__baseline_features,False,False
Fjob_health,-0.233067009572977,0.233067009572977,ridge,early_warning__baseline_features,False,False
reason_other,-0.23198711378047177,0.23198711378047177,ridge,early_warning__baseline_features,False,False
Fjob_other,-0.2142573704948954,0.2142573704948954,ridge,early_warning__baseline_features,False,False
reason_home,-0.20021846090921774,0.20021846090921774,ridge,early_warning__baseline_features,False,False
famrel,0.17766105600742207,0.17766105600742207,ridge,early_warning__baseline_features,False,False
address_U,0.16317190746358745,0.16317190746358745,ridge,early_warning__baseline_features,False,False
address_R,-0.16317190746347193,0.16317190746347193,ridge,early_warning__baseline_features,False,False
Medu,0.1569114027598353,0.1569114027598353,ridge,early_warning__baseline_features,False,False
famsize_GT3,-0.13703100767843607,0.13703100767843607,ridge,early_warning__baseline_features,False,False
famsize_LE3,0.13703100767839194,0.13703100767839194,ridge,early_warning__baseline_features,False,False
guardian_father,-0.12955444976265107,0.12955444976265107,ridge,early_warning__baseline_features,False,False
famsup_no,0.12908549514049864,0.12908549514049864,ridge,early_warning__baseline_features,False,False
famsup_yes,-0.12908549514043824,0.12908549514043824,ridge,early_warning__baseline_features,False,False
internet_no,-0.114706808189856,0.114706808189856,ridge,early_warning__baseline_features,False,False
internet_yes,0.11470680818985379,0.11470680818985379,ridge,early_warning__baseline_features,False,False
Fjob_at_home,-0.10900413818575064,0.10900413818575064,ridge,early_warning__baseline_features,False,False
Dalc,-0.10784673223922851,0.10784673223922851,ridge,early_warning__baseline_features,False,False
nursery_no,0.09729726190588327,0.09729726190588327,ridge,early_warning__baseline_features,False,False
nursery_yes,-0.09729726190576311,0.09729726190576311,ridge,early_warning__baseline_features,False,False
Fedu,0.07017848896971726,0.07017848896971726,ridge,early_warning__baseline_features,False,False
absences,0.06822717165586044,0.06822717165586044,ridge,early_warning__baseline_features,False,False
reason_course,0.06500389270914521,0.06500389270914521,ridge,early_warning__baseline_features,False,False
freetime,0.05866136023419461,0.05866136023419461,ridge,early_warning__baseline_features,False,False
activities_no,-0.04911673640825819,0.04911673640825819,ridge,early_warning__baseline_features,False,False
activities_yes,0.04911673640825105,0.04911673640825105,ridge,early_warning__baseline_features,False,False
age,0.04258480257526232,0.04258480257526232,ridge,early_warning__baseline_features,False,False
sex_M,0.03409658219732994,0.03409658219732994,ridge,early_warning__baseline_features,False,False
sex_F,-0.034096582197319494,0.034096582197319494,ridge,early_warning__baseline_features,False,False
paid_yes,0.030683818764260008,0.030683818764260008,ridge,early_warning__baseline_features,False,False
paid_no,-0.030683818764241155,0.030683818764241155,ridge,early_warning__baseline_features,False,False
Walc,0.019820950482288935,0.019820950482288935,ridge,early_warning__baseline_features,False,False
traveltime,-0.017051357533790244,0.017051357533790244,ridge,early_warning__baseline_features,False,False
Pstatus_A,0.0064048629923922715,0.0064048629923922715,ridge,early_warning__baseline_features,False,False
Pstatus_T,-0.006404862992388434,0.006404862992388434,ridge,early_warning__baseline_features,False,False
subject_mat,-1.5841941043973746,1.5841941043973746,lasso,early_warning__baseline_features,False,False
higher_no,-1.5077894604310298,1.5077894604310298,lasso,early_warning__baseline_features,False,False
Mjob_health,1.370566207916962,1.370566207916962,lasso,early_warning__baseline_features,False,False
schoolsup_no,1.235624383838795,1.235624383838795,lasso,early_warning__baseline_features,False,False
failures,-1.1496059556687261,1.1496059556687261,lasso,early_warning__baseline_features,False,False
Fjob_teacher,1.0711625147708799,1.0711625147708799,lasso,early_warning__baseline_features,False,False
school_GP,0.6608687116512321,0.6608687116512321,lasso,early_warning__baseline_features,False,False
Mjob_services,0.6102206401053528,0.6102206401053528,lasso,early_warning__baseline_features,False,False
romantic_no,0.5789756041646267,0.5789756041646267,lasso,early_warning__baseline_features,False,False
guardian_other,0.3844797721593489,0.3844797721593489,lasso,early_warning__baseline_features,False,False
studytime,0.371434120679199,0.371434120679199,lasso,early_warning__baseline_features,False,False
health,-0.36102879516528563,0.36102879516528563,lasso,early_warning__baseline_features,False,False
reason_reputation,0.32911540150225194,0.32911540150225194,lasso,early_warning__baseline_features,False,False
address_R,-0.29195822824220674,0.29195822824220674,lasso,early_warning__baseline_features,False,False
Fjob_services,-0.2659698148767686,0.2659698148767686,lasso,early_warning__baseline_features,False,False
goout,-0.25968743470886707,0.25968743470886707,lasso,early_warning__baseline_features,False,False
famsize_GT3,-0.2247441128077339,0.2247441128077339,lasso,early_warning__baseline_features,False,False
famsup_no,0.19173032757463235,0.19173032757463235,lasso,early_warning__baseline_features,False,False
internet_no,-0.18575789057297032,0.18575789057297032,lasso,early_warning__baseline_features,False,False
reason_other,-0.1802582903506638,0.1802582903506638,lasso,early_warning__baseline_features,False,False
Medu,0.18022114238739712,0.18022114238739712,lasso,early_warning__baseline_features,False,False
reason_home,-0.17242993916170338,0.17242993916170338,lasso,early_warning__baseline_features,False,False
famrel,0.16485337884004875,0.16485337884004875,lasso,early_warning__baseline_features,False,False
nursery_no,0.1346097761345282,0.1346097761345282,lasso,early_warning__baseline_features,False,False
guardian_mother,-0.13192404986054151,0.13192404986054151,lasso,early_warning__baseline_features,False,False
Mjob_other,-0.10166843424865442,0.10166843424865442,lasso,early_warning__baseline_features,False,False
Dalc,-0.09448959327787475,0.09448959327787475,lasso,early_warning__baseline_features,False,False
activities_no,-0.07524996421212073,0.07524996421212073,lasso,early_warning__baseline_features,False,False
Fedu,0.0727427081177191,0.0727427081177191,lasso,early_warning__baseline_features,False,False
absences,0.051468461746046426,0.051468461746046426,lasso,early_warning__baseline_features,False,False
freetime,0.04586786153470853,0.04586786153470853,lasso,early_warning__baseline_features,False,False
sex_F,-0.03457178932522363,0.03457178932522363,lasso,early_warning__baseline_features,False,False
age,0.03374887165306881,0.03374887165306881,lasso,early_warning__baseline_features,False,False
traveltime,-0.015487639746530394,0.015487639746530394,lasso,early_warning__baseline_features,False,False
reason_course,0.00881581416535757,0.00881581416535757,lasso,early_warning__baseline_features,False,False
school_MS,-5.464472562465903e-15,5.464472562465903e-15,lasso,early_warning__baseline_features,False,False
schoolsup_yes,-3.6588033259663984e-15,3.6588033259663984e-15,lasso,early_warning__baseline_features,False,False
higher_yes,3.199658614346464e-15,3.199658614346464e-15,lasso,early_warning__baseline_features,False,False
subject_por,2.2410875744168937e-15,2.2410875744168937e-15,lasso,early_warning__baseline_features,False,False
internet_yes,2.0003224409073175e-15,2.0003224409073175e-15,lasso,early_warning__baseline_features,False,False
address_U,1.0759586896525504e-15,1.0759586896525504e-15,lasso,early_warning__baseline_features,False,False
famsup_yes,-4.2813045487060574e-16,4.2813045487060574e-16,lasso,early_warning__baseline_features,False,False
famsize_LE3,4.047530319541592e-16,4.047530319541592e-16,lasso,early_warning__baseline_features,False,False
sex_M,2.9452752894170866e-16,2.9452752894170866e-16,lasso,early_warning__baseline_features,False,False
romantic_yes,-2.5876151342789923e-16,2.5876151342789923e-16,lasso,early_warning__baseline_features,False,False
activities_yes,1.702604498432231e-16,1.702604498432231e-16,lasso,early_warning__baseline_features,False,False
nursery_yes,-2.61265757926303e-17,2.61265757926303e-17,lasso,early_warning__baseline_features,False,False
Mjob_at_home,-0.0,0.0,lasso,early_warning__baseline_features,False,False
Pstatus_A,0.0,0.0,lasso,early_warning__baseline_features,False,False
Walc,0.0,0.0,lasso,early_warning__baseline_features,False,False
Pstatus_T,-0.0,0.0,lasso,early_warning__baseline_features,False,False
guardian_father,-0.0,0.0,lasso,early_warning__baseline_features,False,False
Mjob_teacher,-0.0,0.0,lasso,early_warning__baseline_features,False,False
Fjob_other,-0.0,0.0,lasso,early_warning__baseline_features,False,False
Fjob_health,-0.0,0.0,lasso,early_warning__baseline_features,False,False
Fjob_at_home,0.0,0.0,lasso,early_warning__baseline_features,False,False
paid_no,-0.0,0.0,lasso,early_warning__baseline_features,False,False
paid_yes,0.0,0.0,lasso,early_warning__baseline_features,False,False
failures,0.4144100279222334,0.4144100279222334,decision_tree,early_warning__baseline_features,False,False
absences,0.1396076533279891,0.1396076533279891,decision_tree,early_warning__baseline_features,False,False
higher_yes,0.04699250278055727,0.04699250278055727,decision_tree,early_warning__baseline_features,False,False
subject_mat,0.04659648900539527,0.04659648900539527,decision_tree,early_warning__baseline_features,False,False
schoolsup_no,0.04465539780578317,0.04465539780578317,decision_tree,early_warning__baseline_features,False,False
address_R,0.039511991871712795,0.039511991871712795,decision_tree,early_warning__baseline_features,False,False
Mjob_services,0.03708941911816784,0.03708941911816784,decision_tree,early_warning__baseline_features,False,False
studytime,0.035740052751430634,0.035740052751430634,decision_tree,early_warning__baseline_features,False,False
Walc,0.03332220825023272,0.03332220825023272,decision_tree,early_warning__baseline_features,False,False
nursery_no,0.02685219808975245,0.02685219808975245,decision_tree,early_warning__baseline_features,False,False
subject_por,0.022681713382032287,0.022681713382032287,decision_tree,early_warning__baseline_features,False,False
paid_yes,0.02169187075600604,0.02169187075600604,decision_tree,early_warning__baseline_features,False,False
guardian_other,0.01577765960811993,0.01577765960811993,decision_tree,early_warning__baseline_features,False,False
Medu,0.013171025727895998,0.013171025727895998,decision_tree,early_warning__baseline_features,False,False
goout,0.011783376338209018,0.011783376338209018,decision_tree,early_warning__baseline_features,False,False
reason_other,0.011308257565858917,0.011308257565858917,decision_tree,early_warning__baseline_features,False,False
Fjob_teacher,0.010509100589916893,0.010509100589916893,decision_tree,early_warning__baseline_features,False,False
reason_reputation,0.007587426017668707,0.007587426017668707,decision_tree,early_warning__baseline_features,False,False
Mjob_teacher,0.007544616403981531,0.007544616403981531,decision_tree,early_warning__baseline_features,False,False
guardian_mother,0.004557693943148413,0.004557693943148413,decision_tree,early_warning__baseline_features,False,False
Mjob_at_home,0.0045251582601036145,0.0045251582601036145,decision_tree,early_warning__baseline_features,False,False
reason_home,0.004084160483803989,0.004084160483803989,decision_tree,early_warning__baseline_features,False,False
Dalc,0.0,0.0,decision_tree,early_warning__baseline_features,False,False
freetime,0.0,0.0,decision_tree,early_warning__baseline_features,False,False
age,0.0,0.0,decision_tree,early_warning__baseline_features,False,False
traveltime,0.0,0.0,decision_tree,early_warning__baseline_features,False,False
Mjob_other,0.0,0.0,decision_tree,early_warning__baseline_features,False,False
Mjob_health,0.0,0.0,decision_tree,early_warning__baseline_features,False,False
Pstatus_T,0.0,0.0,decision_tree,early_warning__baseline_features,False,False
Pstatus_A,0.0,0.0,decision_tree,early_warning__baseline_features,False,False
famsize_GT3,0.0,0.0,decision_tree,early_warning__baseline_features,False,False
famsize_LE3,0.0,0.0,decision_tree,early_warning__baseline_features,False,False
address_U,0.0,0.0,decision_tree,early_warning__baseline_features,False,False
sex_M,0.0,0.0,decision_tree,early_warning__baseline_features,False,False
health,0.0,0.0,decision_tree,early_warning__baseline_features,False,False
sex_F,0.0,0.0,decision_tree,early_warning__baseline_features,False,False
school_MS,0.0,0.0,decision_tree,early_warning__baseline_features,False,False
school_GP,0.0,0.0,decision_tree,early_warning__baseline_features,False,False
Fedu,0.0,0.0,decision_tree,early_warning__baseline_features,False,False
famrel,0.0,0.0,decision_tree,early_warning__baseline_features,False,False
Fjob_other,0.0,0.0,decision_tree,early_warning__baseline_features,False,False
reason_course,0.0,0.0,decision_tree,early_warning__baseline_features,False,False
schoolsup_yes,0.0,0.0,decision_tree,early_warning__baseline_features,False,False
guardian_father,0.0,0.0,decision_tree,early_warning__baseline_features,False,False
Fjob_services,0.0,0.0,decision_tree,early_warning__baseline_features,False,False
Fjob_at_home,0.0,0.0,decision_tree,early_warning__baseline_features,False,False
Fjob_health,0.0,0.0,decision_tree,early_warning__baseline_features,False,False
paid_no,0.0,0.0,decision_tree,early_warning__baseline_features,False,False
famsup_yes,0.0,0.0,decision_tree,early_warning__baseline_features,False,False
famsup_no,0.0,0.0,decision_tree,early_warning__baseline_features,False,False
nursery_yes,0.0,0.0,decision_tree,early_warning__baseline_features,False,False
activities_yes,0.0,0.0,decision_tree,early_warning__baseline_features,False,False
activities_no,0.0,0.0,decision_tree,early_warning__baseline_features,False,False
higher_no,0.0,0.0,decision_tree,early_warning__baseline_features,False,False
internet_yes,0.0,0.0,decision_tree,early_warning__baseline_features,False,False
internet_no,0.0,0.0,decision_tree,early_warning__baseline_features,False,False
romantic_yes,0.0,0.0,decision_tree,early_warning__baseline_features,False,False
romantic_no,0.0,0.0,decision_tree,early_warning__baseline_features,False,False
Mjob_health,1.1361890413175795,1.1361890413175795,linear_regression,early_warning__with_interactions,False,True
failures,-0.9993162818964743,0.9993162818964743,linear_regression,early_warning__with_interactions,False,True
Fjob_teacher,0.9742885890464528,0.9742885890464528,linear_regression,early_warning__with_interactions,False,True
Medu_x_Fedu,0.95607275527152,0.95607275527152,linear_regression,early_warning__with_interactions,False,True
schoolsup_no,0.8963513350774996,0.8963513350774996,linear_regression,early_warning__with_interactions,False,True
schoolsup_yes,-0.8963513350774988,0.8963513350774988,linear_regression,early_warning__with_interactions,False,True
subject_por,0.8442020428379249,0.8442020428379249,linear_regression,early_warning__with_interactions,False,True
subject_mat,-0.8442020428379233,0.8442020428379233,linear_regression,early_warning__with_interactions,False,True
higher_yes,0.8107529536187086,0.8107529536187086,linear_regression,early_warning__with_interactions,False,True
higher_no,-0.8107529536187086,0.8107529536187086,linear_regression,early_warning__with_interactions,False,True
Mjob_teacher,-0.5705078010740066,0.5705078010740066,linear_regression,early_warning__with_interactions,False,True
studytime,0.551777023826342,0.551777023826342,linear_regression,early_warning__with_interactions,False,True
guardian_other,0.5452734253352505,0.5452734253352505,linear_regression,early_warning__with_interactions,False,True
Mjob_other,-0.4774341654537724,0.4774341654537724,linear_regression,early_warning__with_interactions,False,True
Mjob_at_home,-0.4532917685950246,0.4532917685950246,linear_regression,early_warning__with_interactions,False,True
schoolsup_x_failures,0.4378377489346162,0.4378377489346162,linear_regression,early_warning__with_interactions,False,True
Fedu,-0.4233914613380774,0.4233914613380774,linear_regression,early_warning__with_interactions,False,True
Fjob_services,-0.41492928945862034,0.41492928945862034,linear_regression,early_warning__with_interactions,False,True
health,-0.36779275485581736,0.36779275485581736,linear_regression,early_warning__with_interactions,False,True
Mjob_services,0.36504469380522364,0.36504469380522364,linear_regression,early_warning__with_interactions,False,True
studytime_x_failures,-0.36243144575720815,0.36243144575720815,linear_regression,early_warning__with_interactions,False,True
guardian_mother,-0.35961172922730905,0.35961172922730905,linear_regression,early_warning__with_interactions,False,True
reason_reputation,0.34020527869580536,0.34020527869580536,linear_regression,early_warning__with_interactions,False,True
Medu,-0.33881995150785854,0.33881995150785854,linear_regression,early_warning__with_interactions,False,True
school_GP,0.33046532879851276,0.33046532879851276,linear_regression,early_warning__with_interactions,False,True
school_MS,-0.3304653287985121,0.3304653287985121,linear_regression,early_warning__with_interactions,False,True
romantic_yes,-0.30999905809092854,0.30999905809092854,linear_regression,early_warning__with_interactions,False,True
romantic_no,0.3099990580909285,0.3099990580909285,linear_regression,early_warning__with_interactions,False,True
reason_other,-0.28661579636895074,0.28661579636895074,linear_regression,early_warning__with_interactions,False,True
goout,-0.26631274567721736,0.26631274567721736,linear_regression,early_warning__with_interactions,False,True
Fjob_health,-0.2426259301092819,0.2426259301092819,linear_regression,early_warning__with_interactions,False,True
absences,0.22864994021859042,0.22864994021859042,linear_regression,early_warning__with_interactions,False,True
Fjob_other,-0.20350195597208443,0.20350195597208443,linear_regression,early_warning__with_interactions,False,True
famrel,0.19413271855169695,0.19413271855169695,linear_regression,early_warning__with_interactions,False,True
guardian_father,-0.18566169610794042,0.18566169610794042,linear_regression,early_warning__with_interactions,False,True
address_R,-0.17793405069464363,0.17793405069464363,linear_regression,early_warning__with_interactions,False,True
address_U,0.17793405069464352,0.17793405069464352,linear_regression,early_warning__with_interactions,False,True
reason_home,-0.17523087263668202,0.17523087263668202,linear_regression,early_warning__with_interactions,False,True
famsup_yes,-0.15612746927338766,0.15612746927338766,linear_regression,early_warning__with_interactions,False,True
famsup_no,0.1561274692733875,0.1561274692733875,linear_regression,early_warning__with_interactions,False,True
studytime_x_absences,-0.14943059250750557,0.14943059250750557,linear_regression,early_warning__with_interactions,False,True
famsize_GT3,-0.14635626557021633,0.14635626557021633,linear_regression,early_warning__with_interactions,False,True
famsize_LE3,0.14635626557021542,0.14635626557021542,linear_regression,early_warning__with_interactions,False,True
internet_yes,0.14091488756331555,0.14091488756331555,linear_regression,early_warning__with_interactions,False,True
internet_no,-0.14091488756331458,0.14091488756331458,linear_regression,early_warning__with_interactions,False,True
reason_course,0.12164139030982768,0.12164139030982768,linear_regression,early_warning__with_interactions,False,True
Fjob_at_home,-0.11323141350646826,0.11323141350646826,linear_regression,early_warning__with_interactions,False,True
nursery_no,0.10616315557475678,0.10616315557475678,linear_regression,early_warning__with_interactions,False,True
nursery_yes,-0.10616315557475661,0.10616315557475661,linear_regression,early_warning__with_interactions,False,True
Dalc,-0.10475970065589224,0.10475970065589224,linear_regression,early_warning__with_interactions,False,True
internet_x_studytime,-0.08678744714036102,0.08678744714036102,linear_regression,early_warning__with_interactions,False,True
paid_yes,0.062359516396273074,0.062359516396273074,linear_regression,early_warning__with_interactions,False,True
paid_no,-0.06235951639627263,0.06235951639627263,linear_regression,early_warning__with_interactions,False,True
freetime,0.05080915393799414,0.05080915393799414,linear_regression,early_warning__with_interactions,False,True
activities_yes,0.050594854027331715,0.050594854027331715,linear_regression,early_warning__with_interactions,False,True
activities_no,-0.05059485402733138,0.05059485402733138,linear_regression,early_warning__with_interactions,False,True
Pstatus_A,0.04298258971680541,0.04298258971680541,linear_regression,early_warning__with_interactions,False,True
Pstatus_T,-0.04298258971680524,0.04298258971680524,linear_regression,early_warning__with_interactions,False,True
age,0.0405031397597805,0.0405031397597805,linear_regression,early_warning__with_interactions,False,True
traveltime,-0.025025765073314832,0.025025765073314832,linear_regression,early_warning__with_interactions,False,True
sex_F,-0.02475450587754391,0.02475450587754391,linear_regression,early_warning__with_interactions,False,True
sex_M,0.024754505877543798,0.024754505877543798,linear_regression,early_warning__with_interactions,False,True
Walc,0.022755697908736543,0.022755697908736543,linear_regression,early_warning__with_interactions,False,True
Mjob_health,1.1174633914966343,1.1174633914966343,ridge,early_warning__with_interactions,False,True
failures,-0.9964815786964624,0.9964815786964624,ridge,early_warning__with_interactions,False,True
Fjob_teacher,0.954543430716454,0.954543430716454,ridge,early_warning__with_interactions,False,True
Medu_x_Fedu,0.9210366358241088,0.9210366358241088,ridge,early_warning__with_interactions,False,True
schoolsup_no,0.8887890614264264,0.8887890614264264,ridge,early_warning__with_interactions,False,True
schoolsup_yes,-0.8887890614263328,0.8887890614263328,ridge,early_warning__with_interactions,False,True
subject_por,0.8406301159047909,0.8406301159047909,ridge,early_warning__with_interactions,False,True
subject_mat,-0.8406301159047631,0.8406301159047631,ridge,early_warning__with_interactions,False,True
higher_yes,0.8035459813097932,0.8035459813097932,ridge,early_warning__with_interactions,False,True
higher_no,-0.8035459813097456,0.8035459813097456,ridge,early_warning__with_interactions,False,True
Mjob_teacher,-0.5577647496048869,0.5577647496048869,ridge,early_warning__with_interactions,False,True
studytime,0.5433646980914839,0.5433646980914839,ridge,early_warning__with_interactions,False,True
guardian_other,0.5354244786938831,0.5354244786938831,ridge,early_warning__with_interactions,False,True
Mjob_other,-0.4745860278705125,0.4745860278705125,ridge,early_warning__with_interactions,False,True
Mjob_at_home,-0.44777569052097976,0.44777569052097976,ridge,early_warning__with_interactions,False,True
schoolsup_x_failures,0.4351881999979778,0.4351881999979778,ridge,early_warning__with_interactions,False,True
Fjob_services,-0.4122801751365053,0.4122801751365053,ridge,early_warning__with_interactions,False,True
Fedu,-0.40202994521460017,0.40202994521460017,ridge,early_warning__with_interactions,False,True
health,-0.366001558732173,0.366001558732173,ridge,early_warning__with_interactions,False,True
studytime_x_failures,-0.36298904739829074,0.36298904739829074,ridge,early_warning__with_interactions,False,True
Mjob_services,0.36266307649942364,0.36266307649942364,ridge,early_warning__with_interactions,False,True
guardian_mother,-0.3545107100839012,0.3545107100839012,ridge,early_warning__with_interactions,False,True
reason_reputation,0.339835924830724,0.339835924830724,ridge,early_warning__with_interactions,False,True
school_GP,0.3292692377387929,0.3292692377387929,ridge,early_warning__with_interactions,False,True
school_MS,-0.32926923773870637,0.32926923773870637,ridge,early_warning__with_interactions,False,True
Medu,-0.3185276294560674,0.3185276294560674,ridge,early_warning__with_interactions,False,True
romantic_yes,-0.30848382276611863,0.30848382276611863,ridge,early_warning__with_interactions,False,True
romantic_no,0.3084838227660141,0.3084838227660141,ridge,early_warning__with_interactions,False,True
reason_other,-0.28285061574550524,0.28285061574550524,ridge,early_warning__with_interactions,False,True
goout,-0.264950038385183,0.264950038385183,ridge,early_warning__with_interactions,False,True
Fjob_health,-0.2333157614372966,0.2333157614372966,ridge,early_warning__with_interactions,False,True
absences,0.22328650352551735,0.22328650352551735,ridge,early_warning__with_interactions,False,True
Fjob_other,-0.2013332414693905,0.2013332414693905,ridge,early_warning__with_interactions,False,True
famrel,0.19294779510785168,0.19294779510785168,ridge,early_warning__with_interactions,False,True
guardian_father,-0.18091376860979777,0.18091376860979777,ridge,early_warning__with_interactions,False,True
address_U,0.17749318952920198,0.17749318952920198,ridge,early_warning__with_interactions,False,True
address_R,-0.17749318952906595,0.17749318952906595,ridge,early_warning__with_interactions,False,True
reason_home,-0.1753453400924443,0.1753453400924443,ridge,early_warning__with_interactions,False,True
famsup_no,0.15465753998813642,0.15465753998813642,ridge,early_warning__with_interactions,False,True
famsup_yes,-0.15465753998806372,0.15465753998806372,ridge,early_warning__with_interactions,False,True
famsize_GT3,-0.1459093077551811,0.1459093077551811,ridge,early_warning__with_interactions,False,True
famsize_LE3,0.14590930775514077,0.14590930775514077,ridge,early_warning__with_interactions,False,True
studytime_x_absences,-0.1449556302273388,0.1449556302273388,ridge,early_warning__with_interactions,False,True
internet_yes,0.1336869190081602,0.1336869190081602,ridge,early_warning__with_interactions,False,True
internet_no,-0.13368691900815008,0.13368691900815008,ridge,early_warning__with_interactions,False,True
reason_course,0.11836003100724239,0.11836003100724239,ridge,early_warning__with_interactions,False,True
Fjob_at_home,-0.1076142526731877,0.1076142526731877,ridge,early_warning__with_interactions,False,True
nursery_no,0.10671240305658797,0.10671240305658797,ridge,early_warning__with_interactions,False,True
nursery_yes,-0.10671240305648387,0.10671240305648387,ridge,early_warning__with_interactions,False,True
Dalc,-0.10522760629348503,0.10522760629348503,ridge,early_warning__with_interactions,False,True
internet_x_studytime,-0.07806152342070456,0.07806152342070456,ridge,early_warning__with_interactions,False,True
paid_no,-0.05986471045695113,0.05986471045695113,ridge,early_warning__with_interactions,False,True
paid_yes,0.05986471045692824,0.05986471045692824,ridge,early_warning__with_interactions,False,True
activities_yes,0.050994007954760626,0.050994007954760626,ridge,early_warning__with_interactions,False,True
activities_no,-0.050994007954746845,0.050994007954746845,ridge,early_warning__with_interactions,False,True
freetime,0.05016811669625015,0.05016811669625015,ridge,early_warning__with_interactions,False,True
Pstatus_A,0.04258899792023663,0.04258899792023663,ridge,early_warning__with_interactions,False,True
Pstatus_T,-0.042588997920222096,0.042588997920222096,ridge,early_warning__with_interactions,False,True
age,0.041206357820994674,0.041206357820994674,ridge,early_warning__with_interactions,False,True
traveltime,-0.0245174074525465,0.0245174074525465,ridge,early_warning__with_interactions,False,True
sex_M,0.024381873798112377,0.024381873798112377,ridge,early_warning__with_interactions,False,True
sex_F,-0.024381873798110885,0.024381873798110885,ridge,early_warning__with_interactions,False,True
Walc,0.021639464302384715,0.021639464302384715,ridge,early_warning__with_interactions,False,True
schoolsup_no,1.6575071299035355,1.6575071299035355,lasso,early_warning__with_interactions,False,True
subject_mat,-1.5828035821158228,1.5828035821158228,lasso,early_warning__with_interactions,False,True
higher_no,-1.4432548079785046,1.4432548079785046,lasso,early_warning__with_interactions,False,True
Mjob_health,1.4123446710486627,1.4123446710486627,lasso,early_warning__with_interactions,False,True
failures,-1.0147194633060372,1.0147194633060372,lasso,early_warning__with_interactions,False,True
Fjob_teacher,0.9912751148341833,0.9912751148341833,lasso,early_warning__with_interactions,False,True
Mjob_services,0.7375623495805914,0.7375623495805914,lasso,early_warning__with_interactions,False,True
school_GP,0.6167449366815344,0.6167449366815344,lasso,early_warning__with_interactions,False,True
romantic_no,0.5682920979804426,0.5682920979804426,lasso,early_warning__with_interactions,False,True
guardian_other,0.5624873794249858,0.5624873794249858,lasso,early_warning__with_interactions,False,True
Medu_x_Fedu,0.4498916452709849,0.4498916452709849,lasso,early_warning__with_interactions,False,True
schoolsup_x_failures,0.40228513604528354,0.40228513604528354,lasso,early_warning__with_interactions,False,True
studytime,0.3938531435125494,0.3938531435125494,lasso,early_warning__with_interactions,False,True
health,-0.3408966835121014,0.3408966835121014,lasso,early_warning__with_interactions,False,True
address_R,-0.327813876949418,0.327813876949418,lasso,early_warning__with_interactions,False,True
studytime_x_failures,-0.3134351387469968,0.3134351387469968,lasso,early_warning__with_interactions,False,True
reason_other,-0.2706163349747328,0.2706163349747328,lasso,early_warning__with_interactions,False,True
reason_reputation,0.26196358135030395,0.26196358135030395,lasso,early_warning__with_interactions,False,True
famsize_GT3,-0.2591125100482939,0.2591125100482939,lasso,early_warning__with_interactions,False,True
goout,-0.2403822307468362,0.2403822307468362,lasso,early_warning__with_interactions,False,True
famsup_no,0.2288959668914403,0.2288959668914403,lasso,early_warning__with_interactions,False,True
reason_home,-0.19447360014633672,0.19447360014633672,lasso,early_warning__with_interactions,False,True
Fjob_services,-0.1918358765569603,0.1918358765569603,lasso,early_warning__with_interactions,False,True
famrel,0.17635424399657565,0.17635424399657565,lasso,early_warning__with_interactions,False,True
nursery_no,0.16151009880446088,0.16151009880446088,lasso,early_warning__with_interactions,False,True
guardian_mother,-0.125480554311059,0.125480554311059,lasso,early_warning__with_interactions,False,True
Fedu,-0.11811568681054102,0.11811568681054102,lasso,early_warning__with_interactions,False,True
Dalc,-0.08867008047252614,0.08867008047252614,lasso,early_warning__with_interactions,False,True
activities_no,-0.07743515185339214,0.07743515185339214,lasso,early_warning__with_interactions,False,True
absences,0.06787811642475239,0.06787811642475239,lasso,early_warning__with_interactions,False,True
internet_x_studytime,0.05257526988518971,0.05257526988518971,lasso,early_warning__with_interactions,False,True
Medu,-0.051139119294059045,0.051139119294059045,lasso,early_warning__with_interactions,False,True
age,0.038680004774941615,0.038680004774941615,lasso,early_warning__with_interactions,False,True
freetime,0.035614457549802914,0.035614457549802914,lasso,early_warning__with_interactions,False,True
Mjob_other,-0.019687231328392632,0.019687231328392632,lasso,early_warning__with_interactions,False,True
traveltime,-0.01382317808610002,0.01382317808610002,lasso,early_warning__with_interactions,False,True
reason_course,0.0038429830960802435,0.0038429830960802435,lasso,early_warning__with_interactions,False,True
subject_por,1.3059510323208485e-14,1.3059510323208485e-14,lasso,early_warning__with_interactions,False,True
schoolsup_yes,-3.721525668697251e-15,3.721525668697251e-15,lasso,early_warning__with_interactions,False,True
school_MS,-2.100028691008023e-15,2.100028691008023e-15,lasso,early_warning__with_interactions,False,True
address_U,1.7280548651995505e-15,1.7280548651995505e-15,lasso,early_warning__with_interactions,False,True
famsize_LE3,8.904566702991503e-16,8.904566702991503e-16,lasso,early_warning__with_interactions,False,True
nursery_yes,-2.090126063410424e-16,2.090126063410424e-16,lasso,early_warning__with_interactions,False,True
famsup_yes,-2.675815342941286e-17,2.675815342941286e-17,lasso,early_warning__with_interactions,False,True
sex_F,-0.0,0.0,lasso,early_warning__with_interactions,False,True
Walc,0.0,0.0,lasso,early_warning__with_interactions,False,True
studytime_x_absences,-0.0,0.0,lasso,early_warning__with_interactions,False,True
Pstatus_T,-0.0,0.0,lasso,early_warning__with_interactions,False,True
Mjob_at_home,-0.0,0.0,lasso,early_warning__with_interactions,False,True
Pstatus_A,0.0,0.0,lasso,early_warning__with_interactions,False,True
sex_M,0.0,0.0,lasso,early_warning__with_interactions,False,True
Fjob_health,-0.0,0.0,lasso,early_warning__with_interactions,False,True
Fjob_at_home,0.0,0.0,lasso,early_warning__with_interactions,False,True
Mjob_teacher,-0.0,0.0,lasso,early_warning__with_interactions,False,True
Fjob_other,-0.0,0.0,lasso,early_warning__with_interactions,False,True
guardian_father,0.0,0.0,lasso,early_warning__with_interactions,False,True
activities_yes,0.0,0.0,lasso,early_warning__with_interactions,False,True
paid_no,-0.0,0.0,lasso,early_warning__with_interactions,False,True
paid_yes,0.0,0.0,lasso,early_warning__with_interactions,False,True
internet_yes,0.0,0.0,lasso,early_warning__with_interactions,False,True
internet_no,-0.0,0.0,lasso,early_warning__with_interactions,False,True
higher_yes,0.0,0.0,lasso,early_warning__with_interactions,False,True
romantic_yes,-0.0,0.0,lasso,early_warning__with_interactions,False,True
failures,0.41250835665705815,0.41250835665705815,decision_tree,early_warning__with_interactions,False,True
absences,0.14994161629057762,0.14994161629057762,decision_tree,early_warning__with_interactions,False,True
higher_no,0.04677686057550613,0.04677686057550613,decision_tree,early_warning__with_interactions,False,True
subject_mat,0.04638266405370698,0.04638266405370698,decision_tree,early_warning__with_interactions,False,True
schoolsup_no,0.044450480257653364,0.044450480257653364,decision_tree,early_warning__with_interactions,False,True
Mjob_services,0.03691922081738662,0.03691922081738662,decision_tree,early_warning__with_interactions,False,True
studytime,0.035576046509414705,0.035576046509414705,decision_tree,early_warning__with_interactions,False,True
Walc,0.033169297167845634,0.033169297167845634,decision_tree,early_warning__with_interactions,False,True
Medu_x_Fedu,0.02849102490113547,0.02849102490113547,decision_tree,early_warning__with_interactions,False,True
subject_por,0.02295498034725114,0.02295498034725114,decision_tree,early_warning__with_interactions,False,True
paid_yes,0.021592329710845008,0.021592329710845008,decision_tree,early_warning__with_interactions,False,True
guardian_mother,0.017115121425027392,0.017115121425027392,decision_tree,early_warning__with_interactions,False,True
guardian_other,0.01570525807368093,0.01570525807368093,decision_tree,early_warning__with_interactions,False,True
internet_x_studytime,0.01429128361917439,0.01429128361917439,decision_tree,early_warning__with_interactions,False,True
sex_F,0.014150634884564108,0.014150634884564108,decision_tree,early_warning__with_interactions,False,True
Fedu,0.013110585681873937,0.013110585681873937,decision_tree,early_warning__with_interactions,False,True
address_U,0.012770947983319108,0.012770947983319108,decision_tree,early_warning__with_interactions,False,True
Fjob_teacher,0.010460875756374902,0.010460875756374902,decision_tree,early_warning__with_interactions,False,True
reason_reputation,0.007552608351438991,0.007552608351438991,decision_tree,early_warning__with_interactions,False,True
Mjob_teacher,0.007509995185247621,0.007509995185247621,decision_tree,early_warning__with_interactions,False,True
Mjob_at_home,0.004504392924195228,0.004504392924195228,decision_tree,early_warning__with_interactions,False,True
reason_home,0.004065418826722583,0.004065418826722583,decision_tree,early_warning__with_interactions,False,True
Dalc,0.0,0.0,decision_tree,early_warning__with_interactions,False,True
studytime_x_failures,0.0,0.0,decision_tree,early_warning__with_interactions,False,True
studytime_x_absences,0.0,0.0,decision_tree,early_warning__with_interactions,False,True
health,0.0,0.0,decision_tree,early_warning__with_interactions,False,True
goout,0.0,0.0,decision_tree,early_warning__with_interactions,False,True
famrel,0.0,0.0,decision_tree,early_warning__with_interactions,False,True
traveltime,0.0,0.0,decision_tree,early_warning__with_interactions,False,True
Medu,0.0,0.0,decision_tree,early_warning__with_interactions,False,True
age,0.0,0.0,decision_tree,early_warning__with_interactions,False,True
Mjob_other,0.0,0.0,decision_tree,early_warning__with_interactions,False,True
Mjob_health,0.0,0.0,decision_tree,early_warning__with_interactions,False,True
Pstatus_T,0.0,0.0,decision_tree,early_warning__with_interactions,False,True
Pstatus_A,0.0,0.0,decision_tree,early_warning__with_interactions,False,True
famsize_GT3,0.0,0.0,decision_tree,early_warning__with_interactions,False,True
famsize_LE3,0.0,0.0,decision_tree,early_warning__with_interactions,False,True
sex_M,0.0,0.0,decision_tree,early_warning__with_interactions,False,True
address_R,0.0,0.0,decision_tree,early_warning__with_interactions,False,True
schoolsup_x_failures,0.0,0.0,decision_tree,early_warning__with_interactions,False,True
school_GP,0.0,0.0,decision_tree,early_warning__with_interactions,False,True
school_MS,0.0,0.0,decision_tree,early_warning__with_interactions,False,True
freetime,0.0,0.0,decision_tree,early_warning__with_interactions,False,True
reason_course,0.0,0.0,decision_tree,early_warning__with_interactions,False,True
Fjob_services,0.0,0.0,decision_tree,early_warning__with_interactions,False,True
Fjob_other,0.0,0.0,decision_tree,early_warning__with_interactions,False,True
Fjob_health,0.0,0.0,decision_tree,early_warning__with_interactions,False,True
schoolsup_yes,0.0,0.0,decision_tree,early_warning__with_interactions,False,True
guardian_father,0.0,0.0,decision_tree,early_warning__with_interactions,False,True
reason_other,0.0,0.0,decision_tree,early_warning__with_interactions,False,True
Fjob_at_home,0.0,0.0,decision_tree,early_warning__with_interactions,False,True
activities_no,0.0,0.0,decision_tree,early_warning__with_interactions,False,True
famsup_no,0.0,0.0,decision_tree,early_warning__with_interactions,False,True
famsup_yes,0.0,0.0,decision_tree,early_warning__with_interactions,False,True
paid_no,0.0,0.0,decision_tree,early_warning__with_interactions,False,True
nursery_yes,0.0,0.0,decision_tree,early_warning__with_interactions,False,True
nursery_no,0.0,0.0,decision_tree,early_warning__with_interactions,False,True
activities_yes,0.0,0.0,decision_tree,early_warning__with_interactions,False,True
higher_yes,0.0,0.0,decision_tree,early_warning__with_interactions,False,True
internet_yes,0.0,0.0,decision_tree,early_warning__with_interactions,False,True
internet_no,0.0,0.0,decision_tree,early_warning__with_interactions,False,True
romantic_yes,0.0,0.0,decision_tree,early_warning__with_interactions,False,True
romantic_no,0.0,0.0,decision_tree,early_warning__with_interactions,False,True
G2,2.9761401250732353,2.9761401250732353,linear_regression,with_prior_grades__baseline_features,True,False
G1,0.5348177211000517,0.5348177211000517,linear_regression,with_prior_grades__baseline_features,True,False
subject_por,0.320308775424903,0.320308775424903,linear_regression,with_prior_grades__baseline_features,True,False
subject_mat,-0.32030877542490266,0.32030877542490266,linear_regression,with_prior_grades__baseline_features,True,False
absences,0.23823237626102975,0.23823237626102975,linear_regression,with_prior_grades__baseline_features,True,False
Mjob_health,0.236705926717992,0.236705926717992,linear_regression,with_prior_grades__baseline_features,True,False
failures,-0.21905822829570576,0.21905822829570576,linear_regression,with_prior_grades__baseline_features,True,False
guardian_father,-0.1916815031099663,0.1916815031099663,linear_regression,with_prior_grades__baseline_features,True,False
guardian_other,0.18632226719054235,0.18632226719054235,linear_regression,with_prior_grades__baseline_features,True,False
Fjob_at_home,0.17646849873445675,0.17646849873445675,linear_regression,with_prior_grades__baseline_features,True,False
Fjob_services,-0.17555559694975245,0.17555559694975245,linear_regression,with_prior_grades__baseline_features,True,False
Mjob_other,-0.16615377711465695,0.16615377711465695,linear_regression,with_prior_grades__baseline_features,True,False
Fjob_teacher,-0.1634636272790566,0.1634636272790566,linear_regression,with_prior_grades__baseline_features,True,False
Fjob_health,0.14255616450148206,0.14255616450148206,linear_regression,with_prior_grades__baseline_features,True,False
reason_course,0.131494530816944,0.131494530816944,linear_regression,with_prior_grades__baseline_features,True,False
reason_home,-0.11372883116160931,0.11372883116160931,linear_regression,with_prior_grades__baseline_features,True,False
schoolsup_yes,0.1053280069559557,0.1053280069559557,linear_regression,with_prior_grades__baseline_features,True,False
schoolsup_no,-0.10532800695595554,0.10532800695595554,linear_regression,with_prior_grades__baseline_features,True,False
famrel,0.1048809404171061,0.1048809404171061,linear_regression,with_prior_grades__baseline_features,True,False
traveltime,0.10189525059252247,0.10189525059252247,linear_regression,with_prior_grades__baseline_features,True,False
romantic_yes,-0.09582080438937379,0.09582080438937379,linear_regression,with_prior_grades__baseline_features,True,False
romantic_no,0.09582080438937378,0.09582080438937378,linear_regression,with_prior_grades__baseline_features,True,False
reason_other,-0.08671245483281637,0.08671245483281637,linear_regression,with_prior_grades__baseline_features,True,False
Walc,0.08430093751890454,0.08430093751890454,linear_regression,with_prior_grades__baseline_features,True,False
reason_reputation,0.06894675517748183,0.06894675517748183,linear_regression,with_prior_grades__baseline_features,True,False
age,-0.06607311804275896,0.06607311804275896,linear_regression,with_prior_grades__baseline_features,True,False
goout,-0.05513937607529318,0.05513937607529318,linear_regression,with_prior_grades__baseline_features,True,False
nursery_yes,-0.04865186764078025,0.04865186764078025,linear_regression,with_prior_grades__baseline_features,True,False
nursery_no,0.048651867640780055,0.048651867640780055,linear_regression,with_prior_grades__baseline_features,True,False
Medu,-0.04686228714646712,0.04686228714646712,linear_regression,with_prior_grades__baseline_features,True,False
activities_no,0.04404420294658054,0.04404420294658054,linear_regression,with_prior_grades__baseline_features,True,False
activities_yes,-0.044044202946580235,0.044044202946580235,linear_regression,with_prior_grades__baseline_features,True,False
Dalc,-0.039271309910669405,0.039271309910669405,linear_regression,with_prior_grades__baseline_features,True,False
health,-0.03768104049611687,0.03768104049611687,linear_regression,with_prior_grades__baseline_features,True,False
address_U,0.03734335434128405,0.03734335434128405,linear_regression,with_prior_grades__baseline_features,True,False
address_R,-0.037343354341283885,0.037343354341283885,linear_regression,with_prior_grades__baseline_features,True,False
Mjob_services,-0.034930082531943296,0.034930082531943296,linear_regression,with_prior_grades__baseline_features,True,False
Pstatus_T,-0.03473956162323533,0.03473956162323533,linear_regression,with_prior_grades__baseline_features,True,False
Pstatus_A,0.03473956162323505,0.03473956162323505,linear_regression,with_prior_grades__baseline_features,True,False
paid_yes,0.02885655734794214,0.02885655734794214,linear_regression,with_prior_grades__baseline_features,True,False
paid_no,-0.028856557347941725,0.028856557347941725,linear_regression,with_prior_grades__baseline_features,True,False
school_GP,-0.02541966215202978,0.02541966215202978,linear_regression,with_prior_grades__baseline_features,True,False
school_MS,0.025419662152029454,0.025419662152029454,linear_regression,with_prior_grades__baseline_features,True,False
famsup_no,-0.02408982970890683,0.02408982970890683,linear_regression,with_prior_grades__baseline_features,True,False
famsup_yes,0.024089829708906607,0.024089829708906607,linear_regression,with_prior_grades__baseline_features,True,False
internet_yes,-0.021477343315146752,0.021477343315146752,linear_regression,with_prior_grades__baseline_features,True,False
internet_no,0.021477343315146696,0.021477343315146696,linear_regression,with_prior_grades__baseline_features,True,False
Fjob_other,0.019994560992870114,0.019994560992870114,linear_regression,with_prior_grades__baseline_features,True,False
Mjob_at_home,-0.019790609432739407,0.019790609432739407,linear_regression,with_prior_grades__baseline_features,True,False
studytime,-0.018491130124978494,0.018491130124978494,linear_regression,with_prior_grades__baseline_features,True,False
famsize_LE3,-0.017836679908483394,0.017836679908483394,linear_regression,with_prior_grades__baseline_features,True,False
famsize_GT3,0.017836679908483255,0.017836679908483255,linear_regression,with_prior_grades__baseline_features,True,False
Mjob_teacher,-0.015831457638652582,0.015831457638652582,linear_regression,with_prior_grades__baseline_features,True,False
freetime,-0.01521873528065354,0.01521873528065354,linear_regression,with_prior_grades__baseline_features,True,False
sex_F,0.008359174408023529,0.008359174408023529,linear_regression,with_prior_grades__baseline_features,True,False
sex_M,-0.008359174408022918,0.008359174408022918,linear_regression,with_prior_grades__baseline_features,True,False
guardian_mother,0.005359235919424263,0.005359235919424263,linear_regression,with_prior_grades__baseline_features,True,False
higher_yes,0.004934364250439693,0.004934364250439693,linear_regression,with_prior_grades__baseline_features,True,False
higher_no,-0.004934364250439582,0.004934364250439582,linear_regression,with_prior_grades__baseline_features,True,False
Fedu,-0.001963714273185424,0.001963714273185424,linear_regression,with_prior_grades__baseline_features,True,False
G2,2.9639428690419742,2.9639428690419742,ridge,with_prior_grades__baseline_features,True,False
G1,0.5439876327929555,0.5439876327929555,ridge,with_prior_grades__baseline_features,True,False
subject_por,0.3203258942363378,0.3203258942363378,ridge,with_prior_grades__baseline_features,True,False
subject_mat,-0.3203258942363248,0.3203258942363248,ridge,with_prior_grades__baseline_features,True,False
absences,0.2375328128307427,0.2375328128307427,ridge,with_prior_grades__baseline_features,True,False
Mjob_health,0.23363379821500818,0.23363379821500818,ridge,with_prior_grades__baseline_features,True,False
failures,-0.219415347476441,0.219415347476441,ridge,with_prior_grades__baseline_features,True,False
guardian_father,-0.18958165317487624,0.18958165317487624,ridge,with_prior_grades__baseline_features,True,False
guardian_other,0.18361171610301108,0.18361171610301108,ridge,with_prior_grades__baseline_features,True,False
Fjob_services,-0.1739756052095774,0.1739756052095774,ridge,with_prior_grades__baseline_features,True,False
Fjob_at_home,0.17266819528432228,0.17266819528432228,ridge,with_prior_grades__baseline_features,True,False
Mjob_other,-0.164552942058878,0.164552942058878,ridge,with_prior_grades__baseline_features,True,False
Fjob_teacher,-0.15958154249835835,0.15958154249835835,ridge,with_prior_grades__baseline_features,True,False
Fjob_health,0.14017873071007747,0.14017873071007747,ridge,with_prior_grades__baseline_features,True,False
reason_course,0.13071459750532446,0.13071459750532446,ridge,with_prior_grades__baseline_features,True,False
reason_home,-0.11370852701537738,0.11370852701537738,ridge,with_prior_grades__baseline_features,True,False
famrel,0.10472884671026388,0.10472884671026388,ridge,with_prior_grades__baseline_features,True,False
schoolsup_yes,0.10470839020233969,0.10470839020233969,ridge,with_prior_grades__baseline_features,True,False
schoolsup_no,-0.10470839020229017,0.10470839020229017,ridge,with_prior_grades__baseline_features,True,False
traveltime,0.10116084293525891,0.10116084293525891,ridge,with_prior_grades__baseline_features,True,False
romantic_no,0.09635228958023259,0.09635228958023259,ridge,with_prior_grades__baseline_features,True,False
romantic_yes,-0.09635228958018065,0.09635228958018065,ridge,with_prior_grades__baseline_features,True,False
reason_other,-0.08554727818223053,0.08554727818223053,ridge,with_prior_grades__baseline_features,True,False
Walc,0.08404441815997576,0.08404441815997576,ridge,with_prior_grades__baseline_features,True,False
reason_reputation,0.06854120769240711,0.06854120769240711,ridge,with_prior_grades__baseline_features,True,False
age,-0.06556705005894034,0.06556705005894034,ridge,with_prior_grades__baseline_features,True,False
goout,-0.0553588972112929,0.0553588972112929,ridge,with_prior_grades__baseline_features,True,False
nursery_no,0.0483853140887133,0.0483853140887133,ridge,with_prior_grades__baseline_features,True,False
nursery_yes,-0.04838531408870946,0.04838531408870946,ridge,with_prior_grades__baseline_features,True,False
Medu,-0.045794178340706704,0.045794178340706704,ridge,with_prior_grades__baseline_features,True,False
activities_no,0.043938923951565345,0.043938923951565345,ridge,with_prior_grades__baseline_features,True,False
activities_yes,-0.04393892395153769,0.04393892395153769,ridge,with_prior_grades__baseline_features,True,False
Dalc,-0.039111794979610114,0.039111794979610114,ridge,with_prior_grades__baseline_features,True,False
health,-0.03807665951446916,0.03807665951446916,ridge,with_prior_grades__baseline_features,True,False
address_U,0.03771467664381606,0.03771467664381606,ridge,with_prior_grades__baseline_features,True,False
address_R,-0.037714676643755676,0.037714676643755676,ridge,with_prior_grades__baseline_features,True,False
Pstatus_A,0.03487332751930893,0.03487332751930893,ridge,with_prior_grades__baseline_features,True,False
Pstatus_T,-0.03487332751928772,0.03487332751928772,ridge,with_prior_grades__baseline_features,True,False
Mjob_services,-0.03443720422897991,0.03443720422897991,ridge,with_prior_grades__baseline_features,True,False
paid_yes,0.0289404004047325,0.0289404004047325,ridge,with_prior_grades__baseline_features,True,False
paid_no,-0.028940400404709816,0.028940400404709816,ridge,with_prior_grades__baseline_features,True,False
school_MS,0.02524952489494282,0.02524952489494282,ridge,with_prior_grades__baseline_features,True,False
school_GP,-0.025249524894917816,0.025249524894917816,ridge,with_prior_grades__baseline_features,True,False
famsup_yes,0.024432695885828134,0.024432695885828134,ridge,with_prior_grades__baseline_features,True,False
famsup_no,-0.024432695885775964,0.024432695885775964,ridge,with_prior_grades__baseline_features,True,False
internet_no,0.02072902357435015,0.02072902357435015,ridge,with_prior_grades__baseline_features,True,False
internet_yes,-0.020729023574319633,0.020729023574319633,ridge,with_prior_grades__baseline_features,True,False
Fjob_other,0.02071022171367451,0.02071022171367451,ridge,with_prior_grades__baseline_features,True,False
studytime,-0.018360300057462666,0.018360300057462666,ridge,with_prior_grades__baseline_features,True,False
Mjob_at_home,-0.017597186277090445,0.017597186277090445,ridge,with_prior_grades__baseline_features,True,False
famsize_GT3,0.01757589709887617,0.01757589709887617,ridge,with_prior_grades__baseline_features,True,False
famsize_LE3,-0.017575897098811376,0.017575897098811376,ridge,with_prior_grades__baseline_features,True,False
Mjob_teacher,-0.017046465649706567,0.017046465649706567,ridge,with_prior_grades__baseline_features,True,False
freetime,-0.015180481976907094,0.015180481976907094,ridge,with_prior_grades__baseline_features,True,False
sex_M,-0.008442197057238112,0.008442197057238112,ridge,with_prior_grades__baseline_features,True,False
sex_F,0.008442197057237574,0.008442197057237574,ridge,with_prior_grades__baseline_features,True,False
guardian_mother,0.0059699370718330706,0.0059699370718330706,ridge,with_prior_grades__baseline_features,True,False
higher_yes,0.005636165286151453,0.005636165286151453,ridge,with_prior_grades__baseline_features,True,False
higher_no,-0.005636165286142083,0.005636165286142083,ridge,with_prior_grades__baseline_features,True,False
Fedu,-0.002482719218990941,0.002482719218990941,ridge,with_prior_grades__baseline_features,True,False
G2,2.995876392477583,2.995876392477583,lasso,with_prior_grades__baseline_features,True,False
subject_mat,-0.5881414610472947,0.5881414610472947,lasso,with_prior_grades__baseline_features,True,False
G1,0.49663833211178077,0.49663833211178077,lasso,with_prior_grades__baseline_features,True,False
absences,0.22558131739122433,0.22558131739122433,lasso,with_prior_grades__baseline_features,True,False
failures,-0.20164212283284613,0.20164212283284613,lasso,with_prior_grades__baseline_features,True,False
Fjob_services,-0.15907530530049524,0.15907530530049524,lasso,with_prior_grades__baseline_features,True,False
romantic_no,0.15365781167742534,0.15365781167742534,lasso,with_prior_grades__baseline_features,True,False
guardian_father,-0.14494823991535996,0.14494823991535996,lasso,with_prior_grades__baseline_features,True,False
Mjob_health,0.11067639529429893,0.11067639529429893,lasso,with_prior_grades__baseline_features,True,False
Mjob_other,-0.09932717917077534,0.09932717917077534,lasso,with_prior_grades__baseline_features,True,False
reason_home,-0.09007145393995171,0.09007145393995171,lasso,with_prior_grades__baseline_features,True,False
schoolsup_no,-0.08430866206333705,0.08430866206333705,lasso,with_prior_grades__baseline_features,True,False
traveltime,0.08403473213642786,0.08403473213642786,lasso,with_prior_grades__baseline_features,True,False
famrel,0.08093236929402432,0.08093236929402432,lasso,with_prior_grades__baseline_features,True,False
reason_course,0.07617168387294534,0.07617168387294534,lasso,with_prior_grades__baseline_features,True,False
activities_no,0.05491582478641659,0.05491582478641659,lasso,with_prior_grades__baseline_features,True,False
age,-0.04883277042622889,0.04883277042622889,lasso,with_prior_grades__baseline_features,True,False
Walc,0.043101509826844416,0.043101509826844416,lasso,with_prior_grades__baseline_features,True,False
Medu,-0.03708053000736243,0.03708053000736243,lasso,with_prior_grades__baseline_features,True,False
Fjob_teacher,-0.03631671026827109,0.03631671026827109,lasso,with_prior_grades__baseline_features,True,False
goout,-0.03183488124075417,0.03183488124075417,lasso,with_prior_grades__baseline_features,True,False
Dalc,-0.03161702655771949,0.03161702655771949,lasso,with_prior_grades__baseline_features,True,False
nursery_no,0.030991679149926257,0.030991679149926257,lasso,with_prior_grades__baseline_features,True,False
famsup_no,-0.026066457063816953,0.026066457063816953,lasso,with_prior_grades__baseline_features,True,False
health,-0.02057818335374914,0.02057818335374914,lasso,with_prior_grades__baseline_features,True,False
freetime,-0.009013685970220758,0.009013685970220758,lasso,with_prior_grades__baseline_features,True,False
guardian_other,0.0078756545584457,0.0078756545584457,lasso,with_prior_grades__baseline_features,True,False
reason_other,-0.002915319112294104,0.002915319112294104,lasso,with_prior_grades__baseline_features,True,False
reason_reputation,0.0013042565003013153,0.0013042565003013153,lasso,with_prior_grades__baseline_features,True,False
famsup_yes,4.2813045487060574e-16,4.2813045487060574e-16,lasso,with_prior_grades__baseline_features,True,False
romantic_yes,-3.8814227014184884e-16,3.8814227014184884e-16,lasso,with_prior_grades__baseline_features,True,False
schoolsup_yes,2.5088937092341014e-16,2.5088937092341014e-16,lasso,with_prior_grades__baseline_features,True,False
activities_yes,-2.0431253981186772e-16,2.0431253981186772e-16,lasso,with_prior_grades__baseline_features,True,False
subject_por,5.40021102269131e-17,5.40021102269131e-17,lasso,with_prior_grades__baseline_features,True,False
nursery_yes,-3.918986368894545e-17,3.918986368894545e-17,lasso,with_prior_grades__baseline_features,True,False
famsize_GT3,0.0,0.0,lasso,with_prior_grades__baseline_features,True,False
school_GP,-0.0,0.0,lasso,with_prior_grades__baseline_features,True,False
school_MS,0.0,0.0,lasso,with_prior_grades__baseline_features,True,False
sex_F,0.0,0.0,lasso,with_prior_grades__baseline_features,True,False
studytime,-0.0,0.0,lasso,with_prior_grades__baseline_features,True,False
Fedu,-0.0,0.0,lasso,with_prior_grades__baseline_features,True,False
address_U,0.0,0.0,lasso,with_prior_grades__baseline_features,True,False
sex_M,-0.0,0.0,lasso,with_prior_grades__baseline_features,True,False
address_R,-0.0,0.0,lasso,with_prior_grades__baseline_features,True,False
Pstatus_T,-0.0,0.0,lasso,with_prior_grades__baseline_features,True,False
Mjob_at_home,0.0,0.0,lasso,with_prior_grades__baseline_features,True,False
famsize_LE3,-0.0,0.0,lasso,with_prior_grades__baseline_features,True,False
Pstatus_A,0.0,0.0,lasso,with_prior_grades__baseline_features,True,False
Fjob_health,0.0,0.0,lasso,with_prior_grades__baseline_features,True,False
Fjob_other,0.0,0.0,lasso,with_prior_grades__baseline_features,True,False
Mjob_teacher,-0.0,0.0,lasso,with_prior_grades__baseline_features,True,False
Mjob_services,-0.0,0.0,lasso,with_prior_grades__baseline_features,True,False
guardian_mother,-0.0,0.0,lasso,with_prior_grades__baseline_features,True,False
Fjob_at_home,0.0,0.0,lasso,with_prior_grades__baseline_features,True,False
paid_no,-0.0,0.0,lasso,with_prior_grades__baseline_features,True,False
paid_yes,0.0,0.0,lasso,with_prior_grades__baseline_features,True,False
internet_yes,-0.0,0.0,lasso,with_prior_grades__baseline_features,True,False
internet_no,0.0,0.0,lasso,with_prior_grades__baseline_features,True,False
higher_yes,0.0,0.0,lasso,with_prior_grades__baseline_features,True,False
higher_no,-0.0,0.0,lasso,with_prior_grades__baseline_features,True,False
G2,0.9054447781552655,0.9054447781552655,decision_tree,with_prior_grades__baseline_features,True,False
absences,0.06379697304314526,0.06379697304314526,decision_tree,with_prior_grades__baseline_features,True,False
goout,0.01391345464695754,0.01391345464695754,decision_tree,with_prior_grades__baseline_features,True,False
sex_F,0.007187654327860358,0.007187654327860358,decision_tree,with_prior_grades__baseline_features,True,False
G1,0.0027402058438915308,0.0027402058438915308,decision_tree,with_prior_grades__baseline_features,True,False
Fjob_services,0.001813899747284671,0.001813899747284671,decision_tree,with_prior_grades__baseline_features,True,False
subject_mat,0.0017456176546591224,0.0017456176546591224,decision_tree,with_prior_grades__baseline_features,True,False
subject_por,0.0007941134075484794,0.0007941134075484794,decision_tree,with_prior_grades__baseline_features,True,False
Walc,0.0007458919486813235,0.0007458919486813235,decision_tree,with_prior_grades__baseline_features,True,False
Fedu,0.0005050182443915826,0.0005050182443915826,decision_tree,with_prior_grades__baseline_features,True,False
failures,0.0004159053754529605,0.0004159053754529605,decision_tree,with_prior_grades__baseline_features,True,False
Fjob_other,0.0003472136978745034,0.0003472136978745034,decision_tree,with_prior_grades__baseline_features,True,False
age,0.0002892234086726304,0.0002892234086726304,decision_tree,with_prior_grades__baseline_features,True,False
reason_other,0.00026005049831465186,0.00026005049831465186,decision_tree,with_prior_grades__baseline_features,True,False
famrel,0.0,0.0,decision_tree,with_prior_grades__baseline_features,True,False
Dalc,0.0,0.0,decision_tree,with_prior_grades__baseline_features,True,False
health,0.0,0.0,decision_tree,with_prior_grades__baseline_features,True,False
school_MS,0.0,0.0,decision_tree,with_prior_grades__baseline_features,True,False
sex_M,0.0,0.0,decision_tree,with_prior_grades__baseline_features,True,False
address_R,0.0,0.0,decision_tree,with_prior_grades__baseline_features,True,False
address_U,0.0,0.0,decision_tree,with_prior_grades__baseline_features,True,False
famsize_GT3,0.0,0.0,decision_tree,with_prior_grades__baseline_features,True,False
famsize_LE3,0.0,0.0,decision_tree,with_prior_grades__baseline_features,True,False
freetime,0.0,0.0,decision_tree,with_prior_grades__baseline_features,True,False
school_GP,0.0,0.0,decision_tree,with_prior_grades__baseline_features,True,False
Medu,0.0,0.0,decision_tree,with_prior_grades__baseline_features,True,False
traveltime,0.0,0.0,decision_tree,with_prior_grades__baseline_features,True,False
studytime,0.0,0.0,decision_tree,with_prior_grades__baseline_features,True,False
Mjob_other,0.0,0.0,decision_tree,with_prior_grades__baseline_features,True,False
Mjob_health,0.0,0.0,decision_tree,with_prior_grades__baseline_features,True,False
Mjob_at_home,0.0,0.0,decision_tree,with_prior_grades__baseline_features,True,False
Pstatus_T,0.0,0.0,decision_tree,with_prior_grades__baseline_features,True,False
Pstatus_A,0.0,0.0,decision_tree,with_prior_grades__baseline_features,True,False
Fjob_at_home,0.0,0.0,decision_tree,with_prior_grades__baseline_features,True,False
Fjob_health,0.0,0.0,decision_tree,with_prior_grades__baseline_features,True,False
Mjob_services,0.0,0.0,decision_tree,with_prior_grades__baseline_features,True,False
reason_course,0.0,0.0,decision_tree,with_prior_grades__baseline_features,True,False
reason_home,0.0,0.0,decision_tree,with_prior_grades__baseline_features,True,False
reason_reputation,0.0,0.0,decision_tree,with_prior_grades__baseline_features,True,False
guardian_father,0.0,0.0,decision_tree,with_prior_grades__baseline_features,True,False
guardian_mother,0.0,0.0,decision_tree,with_prior_grades__baseline_features,True,False
guardian_other,0.0,0.0,decision_tree,with_prior_grades__baseline_features,True,False
Fjob_teacher,0.0,0.0,decision_tree,with_prior_grades__baseline_features,True,False
Mjob_teacher,0.0,0.0,decision_tree,with_prior_grades__baseline_features,True,False
schoolsup_yes,0.0,0.0,decision_tree,with_prior_grades__baseline_features,True,False
schoolsup_no,0.0,0.0,decision_tree,with_prior_grades__baseline_features,True,False
famsup_no,0.0,0.0,decision_tree,with_prior_grades__baseline_features,True,False
famsup_yes,0.0,0.0,decision_tree,with_prior_grades__baseline_features,True,False
activities_no,0.0,0.0,decision_tree,with_prior_grades__baseline_features,True,False
activities_yes,0.0,0.0,decision_tree,with_prior_grades__baseline_features,True,False
paid_no,0.0,0.0,decision_tree,with_prior_grades__baseline_features,True,False
paid_yes,0.0,0.0,decision_tree,with_prior_grades__baseline_features,True,False
nursery_yes,0.0,0.0,decision_tree,with_prior_grades__baseline_features,True,False
nursery_no,0.0,0.0,decision_tree,with_prior_grades__baseline_features,True,False
higher_no,0.0,0.0,decision_tree,with_prior_grades__baseline_features,True,False
higher_yes,0.0,0.0,decision_tree,with_prior_grades__baseline_features,True,False
internet_yes,0.0,0.0,decision_tree,with_prior_grades__baseline_features,True,False
internet_no,0.0,0.0,decision_tree,with_prior_grades__baseline_features,True,False
romantic_yes,0.0,0.0,decision_tree,with_prior_grades__baseline_features,True,False
romantic_no,0.0,0.0,decision_tree,with_prior_grades__baseline_features,True,False
G2,2.950253787200741,2.950253787200741,linear_regression,with_prior_grades__with_interactions,True,True
G1,0.5471792013080476,0.5471792013080476,linear_regression,with_prior_grades__with_interactions,True,True
Medu_x_Fedu,0.4000251416785089,0.4000251416785089,linear_regression,with_prior_grades__with_interactions,True,True
subject_por,0.3301117842128203,0.3301117842128203,linear_regression,with_prior_grades__with_interactions,True,True
subject_mat,-0.33011178421281984,0.33011178421281984,linear_regression,with_prior_grades__with_interactions,True,True
failures,-0.31845812299928067,0.31845812299928067,linear_regression,with_prior_grades__with_interactions,True,True
Medu,-0.2495193269936774,0.2495193269936774,linear_regression,with_prior_grades__with_interactions,True,True
Mjob_health,0.2375826274578815,0.2375826274578815,linear_regression,with_prior_grades__with_interactions,True,True
schoolsup_x_failures,0.2336788356227506,0.2336788356227506,linear_regression,with_prior_grades__with_interactions,True,True
Fjob_teacher,-0.21272045140289914,0.21272045140289914,linear_regression,with_prior_grades__with_interactions,True,True
Fedu,-0.21178517183220047,0.21178517183220047,linear_regression,with_prior_grades__with_interactions,True,True
guardian_other,0.21110709855316132,0.21110709855316132,linear_regression,with_prior_grades__with_interactions,True,True
guardian_father,-0.20258335626820018,0.20258335626820018,linear_regression,with_prior_grades__with_interactions,True,True
Fjob_at_home,0.18568882624906968,0.18568882624906968,linear_regression,with_prior_grades__with_interactions,True,True
reason_course,0.16017651740585392,0.16017651740585392,linear_regression,with_prior_grades__with_interactions,True,True
Mjob_other,-0.14197945929943334,0.14197945929943334,linear_regression,with_prior_grades__with_interactions,True,True
absences,0.1309347240664226,0.1309347240664226,linear_regression,with_prior_grades__with_interactions,True,True
Fjob_health,0.12922853408043072,0.12922853408043072,linear_regression,with_prior_grades__with_interactions,True,True
studytime_x_absences,0.12695796794851058,0.12695796794851058,linear_regression,with_prior_grades__with_interactions,True,True
Fjob_services,-0.12240465756905552,0.12240465756905552,linear_regression,with_prior_grades__with_interactions,True,True
famrel,0.115752059267279,0.115752059267279,linear_regression,with_prior_grades__with_interactions,True,True
reason_other,-0.11430780225157278,0.11430780225157278,linear_regression,with_prior_grades__with_interactions,True,True
romantic_no,0.10210997613715883,0.10210997613715883,linear_regression,with_prior_grades__with_interactions,True,True
romantic_yes,-0.10210997613715833,0.10210997613715833,linear_regression,with_prior_grades__with_interactions,True,True
traveltime,0.10136000467507321,0.10136000467507321,linear_regression,with_prior_grades__with_interactions,True,True
reason_home,-0.10039718549206073,0.10039718549206073,linear_regression,with_prior_grades__with_interactions,True,True
Walc,0.08234661307367092,0.08234661307367092,linear_regression,with_prior_grades__with_interactions,True,True
age,-0.05925494075779867,0.05925494075779867,linear_regression,with_prior_grades__with_interactions,True,True
nursery_yes,-0.055911531252127535,0.055911531252127535,linear_regression,with_prior_grades__with_interactions,True,True
nursery_no,0.05591153125212732,0.05591153125212732,linear_regression,with_prior_grades__with_interactions,True,True
Mjob_teacher,-0.055757650424538174,0.055757650424538174,linear_regression,with_prior_grades__with_interactions,True,True
Pstatus_A,0.055662857958249046,0.055662857958249046,linear_regression,with_prior_grades__with_interactions,True,True
Pstatus_T,-0.05566285795824866,0.05566285795824866,linear_regression,with_prior_grades__with_interactions,True,True
reason_reputation,0.05452847033778008,0.05452847033778008,linear_regression,with_prior_grades__with_interactions,True,True
Mjob_at_home,-0.05403641575366369,0.05403641575366369,linear_regression,with_prior_grades__with_interactions,True,True
address_R,-0.05008155565161326,0.05008155565161326,linear_regression,with_prior_grades__with_interactions,True,True
address_U,0.050081555651612986,0.050081555651612986,linear_regression,with_prior_grades__with_interactions,True,True
activities_no,0.04382966886351865,0.04382966886351865,linear_regression,with_prior_grades__with_interactions,True,True
activities_yes,-0.04382966886351809,0.04382966886351809,linear_regression,with_prior_grades__with_interactions,True,True
goout,-0.04348844038042776,0.04348844038042776,linear_regression,with_prior_grades__with_interactions,True,True
paid_yes,0.03974007332245533,0.03974007332245533,linear_regression,with_prior_grades__with_interactions,True,True
paid_no,-0.0397400733224553,0.0397400733224553,linear_regression,with_prior_grades__with_interactions,True,True
Dalc,-0.03689634275962578,0.03689634275962578,linear_regression,with_prior_grades__with_interactions,True,True
health,-0.033776781093072805,0.033776781093072805,linear_regression,with_prior_grades__with_interactions,True,True
studytime,-0.028905486426771265,0.028905486426771265,linear_regression,with_prior_grades__with_interactions,True,True
schoolsup_no,0.025166248814822295,0.025166248814822295,linear_regression,with_prior_grades__with_interactions,True,True
schoolsup_yes,-0.025166248814822184,0.025166248814822184,linear_regression,with_prior_grades__with_interactions,True,True
internet_no,0.02453290493460822,0.02453290493460822,linear_regression,with_prior_grades__with_interactions,True,True
internet_yes,-0.02453290493460812,0.02453290493460812,linear_regression,with_prior_grades__with_interactions,True,True
school_MS,0.02358362347033508,0.02358362347033508,linear_regression,with_prior_grades__with_interactions,True,True
school_GP,-0.023583623470335074,0.023583623470335074,linear_regression,with_prior_grades__with_interactions,True,True
internet_x_studytime,-0.02275334123651157,0.02275334123651157,linear_regression,with_prior_grades__with_interactions,True,True
Fjob_other,0.020207748642455087,0.020207748642455087,linear_regression,with_prior_grades__with_interactions,True,True
freetime,-0.019343801407296746,0.019343801407296746,linear_regression,with_prior_grades__with_interactions,True,True
famsize_LE3,-0.014609649530374247,0.014609649530374247,linear_regression,with_prior_grades__with_interactions,True,True
famsize_GT3,0.01460964953037417,0.01460964953037417,linear_regression,with_prior_grades__with_interactions,True,True
famsup_yes,0.01420816717318571,0.01420816717318571,linear_regression,with_prior_grades__with_interactions,True,True
famsup_no,-0.014208167173185599,0.014208167173185599,linear_regression,with_prior_grades__with_interactions,True,True
Mjob_services,0.014190898019754317,0.014190898019754317,linear_regression,with_prior_grades__with_interactions,True,True
higher_yes,-0.011869426268576733,0.011869426268576733,linear_regression,with_prior_grades__with_interactions,True,True
higher_no,0.01186942626857651,0.01186942626857651,linear_regression,with_prior_grades__with_interactions,True,True
guardian_mother,-0.008523742284960695,0.008523742284960695,linear_regression,with_prior_grades__with_interactions,True,True
sex_M,-0.00652586356049668,0.00652586356049668,linear_regression,with_prior_grades__with_interactions,True,True
sex_F,0.006525863560496531,0.006525863560496531,linear_regression,with_prior_grades__with_interactions,True,True
studytime_x_failures,0.004771284179685767,0.004771284179685767,linear_regression,with_prior_grades__with_interactions,True,True
G2,2.9386433377601797,2.9386433377601797,ridge,with_prior_grades__with_interactions,True,True
G1,0.555960847708668,0.555960847708668,ridge,with_prior_grades__with_interactions,True,True
Medu_x_Fedu,0.3820906401270466,0.3820906401270466,ridge,with_prior_grades__with_interactions,True,True
subject_mat,-0.3300952800552968,0.3300952800552968,ridge,with_prior_grades__with_interactions,True,True
subject_por,0.33009528005478406,0.33009528005478406,ridge,with_prior_grades__with_interactions,True,True
failures,-0.3160231059682913,0.3160231059682913,ridge,with_prior_grades__with_interactions,True,True
Medu,-0.23967545674447685,0.23967545674447685,ridge,with_prior_grades__with_interactions,True,True
Mjob_health,0.2348691922195692,0.2348691922195692,ridge,with_prior_grades__with_interactions,True,True
schoolsup_x_failures,0.23367434568892126,0.23367434568892126,ridge,with_prior_grades__with_interactions,True,True
guardian_other,0.20898088696195866,0.20898088696195866,ridge,with_prior_grades__with_interactions,True,True
Fjob_teacher,-0.20544917054710818,0.20544917054710818,ridge,with_prior_grades__with_interactions,True,True
Fedu,-0.20200086254587146,0.20200086254587146,ridge,with_prior_grades__with_interactions,True,True
guardian_father,-0.2010443853551409,0.2010443853551409,ridge,with_prior_grades__with_interactions,True,True
Fjob_at_home,0.1816236769562163,0.1816236769562163,ridge,with_prior_grades__with_interactions,True,True
reason_course,0.1588516413042925,0.1588516413042925,ridge,with_prior_grades__with_interactions,True,True
Mjob_other,-0.14122768462577395,0.14122768462577395,ridge,with_prior_grades__with_interactions,True,True
absences,0.13078115926916728,0.13078115926916728,ridge,with_prior_grades__with_interactions,True,True
Fjob_health,0.12647918652266094,0.12647918652266094,ridge,with_prior_grades__with_interactions,True,True
studytime_x_absences,0.1262758071998661,0.1262758071998661,ridge,with_prior_grades__with_interactions,True,True
Fjob_services,-0.12247281263071842,0.12247281263071842,ridge,with_prior_grades__with_interactions,True,True
famrel,0.11556324409445347,0.11556324409445347,ridge,with_prior_grades__with_interactions,True,True
reason_other,-0.11256595053052824,0.11256595053052824,ridge,with_prior_grades__with_interactions,True,True
romantic_no,0.10247639213880178,0.10247639213880178,ridge,with_prior_grades__with_interactions,True,True
romantic_yes,-0.10247639213872536,0.10247639213872536,ridge,with_prior_grades__with_interactions,True,True
traveltime,0.10077952854946388,0.10077952854946388,ridge,with_prior_grades__with_interactions,True,True
reason_home,-0.10063641852297213,0.10063641852297213,ridge,with_prior_grades__with_interactions,True,True
Walc,0.0820985881967537,0.0820985881967537,ridge,with_prior_grades__with_interactions,True,True
age,-0.058553610549104164,0.058553610549104164,ridge,with_prior_grades__with_interactions,True,True
nursery_no,0.05562686764409324,0.05562686764409324,ridge,with_prior_grades__with_interactions,True,True
nursery_yes,-0.05562686764406613,0.05562686764406613,ridge,with_prior_grades__with_interactions,True,True
Pstatus_A,0.05531216701006979,0.05531216701006979,ridge,with_prior_grades__with_interactions,True,True
Pstatus_T,-0.055312167010042115,0.055312167010042115,ridge,with_prior_grades__with_interactions,True,True
Mjob_teacher,-0.055220380955307395,0.055220380955307395,ridge,with_prior_grades__with_interactions,True,True
reason_reputation,0.05435072774936864,0.05435072774936864,ridge,with_prior_grades__with_interactions,True,True
Mjob_at_home,-0.05172771113868757,0.05172771113868757,ridge,with_prior_grades__with_interactions,True,True
address_U,0.05056108206244787,0.05056108206244787,ridge,with_prior_grades__with_interactions,True,True
address_R,-0.050561082062362435,0.050561082062362435,ridge,with_prior_grades__with_interactions,True,True
goout,-0.04376199666616321,0.04376199666616321,ridge,with_prior_grades__with_interactions,True,True
activities_no,0.043544832929156355,0.043544832929156355,ridge,with_prior_grades__with_interactions,True,True
activities_yes,-0.043544832929099005,0.043544832929099005,ridge,with_prior_grades__with_interactions,True,True
paid_yes,0.03976984361110303,0.03976984361110303,ridge,with_prior_grades__with_interactions,True,True
paid_no,-0.0397698436110918,0.0397698436110918,ridge,with_prior_grades__with_interactions,True,True
Dalc,-0.036627877672037325,0.036627877672037325,ridge,with_prior_grades__with_interactions,True,True
health,-0.033823983748552534,0.033823983748552534,ridge,with_prior_grades__with_interactions,True,True
studytime,-0.027863559933582492,0.027863559933582492,ridge,with_prior_grades__with_interactions,True,True
schoolsup_no,0.02494685325544119,0.02494685325544119,ridge,with_prior_grades__with_interactions,True,True
schoolsup_yes,-0.024946853255340778,0.024946853255340778,ridge,with_prior_grades__with_interactions,True,True
internet_x_studytime,-0.023955002688621732,0.023955002688621732,ridge,with_prior_grades__with_interactions,True,True
school_MS,0.02380442608406459,0.02380442608406459,ridge,with_prior_grades__with_interactions,True,True
school_GP,-0.02380442608399899,0.02380442608399899,ridge,with_prior_grades__with_interactions,True,True
internet_no,0.022727428821100827,0.022727428821100827,ridge,with_prior_grades__with_interactions,True,True
internet_yes,-0.0227274288210799,0.0227274288210799,ridge,with_prior_grades__with_interactions,True,True
Fjob_other,0.019819119699119526,0.019819119699119526,ridge,with_prior_grades__with_interactions,True,True
freetime,-0.01937916015817597,0.01937916015817597,ridge,with_prior_grades__with_interactions,True,True
famsup_yes,0.014723420769669222,0.014723420769669222,ridge,with_prior_grades__with_interactions,True,True
famsup_no,-0.014723420769604175,0.014723420769604175,ridge,with_prior_grades__with_interactions,True,True
famsize_GT3,0.014222753109533111,0.014222753109533111,ridge,with_prior_grades__with_interactions,True,True
famsize_LE3,-0.014222753109478922,0.014222753109478922,ridge,with_prior_grades__with_interactions,True,True
Mjob_services,0.013306584500398053,0.013306584500398053,ridge,with_prior_grades__with_interactions,True,True
higher_no,0.01091625911518711,0.01091625911518711,ridge,with_prior_grades__with_interactions,True,True
higher_yes,-0.010916259115177728,0.010916259115177728,ridge,with_prior_grades__with_interactions,True,True
guardian_mother,-0.007936501606818181,0.007936501606818181,ridge,with_prior_grades__with_interactions,True,True
sex_F,0.006832083892604977,0.006832083892604977,ridge,with_prior_grades__with_interactions,True,True
sex_M,-0.006832083892604793,0.006832083892604793,ridge,with_prior_grades__with_interactions,True,True
studytime_x_failures,0.002324447833630458,0.002324447833630458,ridge,with_prior_grades__with_interactions,True,True
G2,2.979527435217297,2.979527435217297,lasso,with_prior_grades__with_interactions,True,True
subject_mat,-0.5974886550021338,0.5974886550021338,lasso,with_prior_grades__with_interactions,True,True
G1,0.5139592936175601,0.5139592936175601,lasso,with_prior_grades__with_interactions,True,True
failures,-0.28236558582291676,0.28236558582291676,lasso,with_prior_grades__with_interactions,True,True
schoolsup_x_failures,0.2089076740947151,0.2089076740947151,lasso,with_prior_grades__with_interactions,True,True
romantic_no,0.1569359058209836,0.1569359058209836,lasso,with_prior_grades__with_interactions,True,True
guardian_father,-0.15278555073763073,0.15278555073763073,lasso,with_prior_grades__with_interactions,True,True
absences,0.1362100397836069,0.1362100397836069,lasso,with_prior_grades__with_interactions,True,True
Mjob_health,0.12048746133350298,0.12048746133350298,lasso,with_prior_grades__with_interactions,True,True
Fjob_services,-0.10799461903885724,0.10799461903885724,lasso,with_prior_grades__with_interactions,True,True
reason_course,0.10557460333434295,0.10557460333434295,lasso,with_prior_grades__with_interactions,True,True
studytime_x_absences,0.10302414762111425,0.10302414762111425,lasso,with_prior_grades__with_interactions,True,True
Mjob_other,-0.09307986616585366,0.09307986616585366,lasso,with_prior_grades__with_interactions,True,True
famrel,0.09020935105374119,0.09020935105374119,lasso,with_prior_grades__with_interactions,True,True
traveltime,0.08333784512200677,0.08333784512200677,lasso,with_prior_grades__with_interactions,True,True
reason_home,-0.07206088925519724,0.07206088925519724,lasso,with_prior_grades__with_interactions,True,True
guardian_other,0.05709796493674375,0.05709796493674375,lasso,with_prior_grades__with_interactions,True,True
nursery_no,0.04442538376216544,0.04442538376216544,lasso,with_prior_grades__with_interactions,True,True
Walc,0.044216430122588954,0.044216430122588954,lasso,with_prior_grades__with_interactions,True,True
activities_no,0.043510689176827655,0.043510689176827655,lasso,with_prior_grades__with_interactions,True,True
internet_x_studytime,-0.03753664905476254,0.03753664905476254,lasso,with_prior_grades__with_interactions,True,True
Medu,-0.030316644600980283,0.030316644600980283,lasso,with_prior_grades__with_interactions,True,True
age,-0.029439211288210743,0.029439211288210743,lasso,with_prior_grades__with_interactions,True,True
Dalc,-0.02713481159087193,0.02713481159087193,lasso,with_prior_grades__with_interactions,True,True
address_R,-0.024265859822574835,0.024265859822574835,lasso,with_prior_grades__with_interactions,True,True
goout,-0.019290652862246703,0.019290652862246703,lasso,with_prior_grades__with_interactions,True,True
famsup_no,-0.01908973175183444,0.01908973175183444,lasso,with_prior_grades__with_interactions,True,True
Fjob_teacher,-0.017795971356988405,0.017795971356988405,lasso,with_prior_grades__with_interactions,True,True
Pstatus_A,0.015463376388377277,0.015463376388377277,lasso,with_prior_grades__with_interactions,True,True
freetime,-0.01272460237486906,0.01272460237486906,lasso,with_prior_grades__with_interactions,True,True
health,-0.009786157368760812,0.009786157368760812,lasso,with_prior_grades__with_interactions,True,True
studytime,-0.008739456523111564,0.008739456523111564,lasso,with_prior_grades__with_interactions,True,True
reason_other,-0.008040388214802505,0.008040388214802505,lasso,with_prior_grades__with_interactions,True,True
reason_reputation,0.002543744954712083,0.002543744954712083,lasso,with_prior_grades__with_interactions,True,True
Pstatus_T,-4.682001139202068e-16,4.682001139202068e-16,lasso,with_prior_grades__with_interactions,True,True
subject_por,1.4400562727176826e-16,1.4400562727176826e-16,lasso,with_prior_grades__with_interactions,True,True
address_U,8.694615673960003e-17,8.694615673960003e-17,lasso,with_prior_grades__with_interactions,True,True
famsup_yes,5.351630685882572e-17,5.351630685882572e-17,lasso,with_prior_grades__with_interactions,True,True
activities_yes,-8.513022492161154e-18,8.513022492161154e-18,lasso,with_prior_grades__with_interactions,True,True
Mjob_at_home,0.0,0.0,lasso,with_prior_grades__with_interactions,True,True
famsize_LE3,0.0,0.0,lasso,with_prior_grades__with_interactions,True,True
Fedu,-0.0,0.0,lasso,with_prior_grades__with_interactions,True,True
studytime_x_failures,-0.0,0.0,lasso,with_prior_grades__with_interactions,True,True
famsize_GT3,-0.0,0.0,lasso,with_prior_grades__with_interactions,True,True
Medu_x_Fedu,0.0,0.0,lasso,with_prior_grades__with_interactions,True,True
school_GP,-0.0,0.0,lasso,with_prior_grades__with_interactions,True,True
school_MS,0.0,0.0,lasso,with_prior_grades__with_interactions,True,True
sex_F,0.0,0.0,lasso,with_prior_grades__with_interactions,True,True
sex_M,-0.0,0.0,lasso,with_prior_grades__with_interactions,True,True
schoolsup_yes,-0.0,0.0,lasso,with_prior_grades__with_interactions,True,True
schoolsup_no,0.0,0.0,lasso,with_prior_grades__with_interactions,True,True
guardian_mother,0.0,0.0,lasso,with_prior_grades__with_interactions,True,True
Mjob_services,0.0,0.0,lasso,with_prior_grades__with_interactions,True,True
Fjob_health,0.0,0.0,lasso,with_prior_grades__with_interactions,True,True
Fjob_at_home,0.0,0.0,lasso,with_prior_grades__with_interactions,True,True
Mjob_teacher,-0.0,0.0,lasso,with_prior_grades__with_interactions,True,True
Fjob_other,0.0,0.0,lasso,with_prior_grades__with_interactions,True,True
nursery_yes,-0.0,0.0,lasso,with_prior_grades__with_interactions,True,True
paid_yes,0.0,0.0,lasso,with_prior_grades__with_interactions,True,True
paid_no,-0.0,0.0,lasso,with_prior_grades__with_interactions,True,True
higher_no,-0.0,0.0,lasso,with_prior_grades__with_interactions,True,True
internet_yes,-0.0,0.0,lasso,with_prior_grades__with_interactions,True,True
internet_no,0.0,0.0,lasso,with_prior_grades__with_interactions,True,True
higher_yes,0.0,0.0,lasso,with_prior_grades__with_interactions,True,True
romantic_yes,-0.0,0.0,lasso,with_prior_grades__with_interactions,True,True
G2,0.9053558034874807,0.9053558034874807,decision_tree,with_prior_grades__with_interactions,True,True
absences,0.06379070395350099,0.06379070395350099,decision_tree,with_prior_grades__with_interactions,True,True
goout,0.013912087423870258,0.013912087423870258,decision_tree,with_prior_grades__with_interactions,True,True
sex_F,0.007186948023984735,0.007186948023984735,decision_tree,with_prior_grades__with_interactions,True,True
G1,0.002739936574124335,0.002739936574124335,decision_tree,with_prior_grades__with_interactions,True,True
Fjob_services,0.0018137215021489064,0.0018137215021489064,decision_tree,with_prior_grades__with_interactions,True,True
subject_por,0.001745446119348908,0.001745446119348908,decision_tree,with_prior_grades__with_interactions,True,True
subject_mat,0.0007940353729975882,0.0007940353729975882,decision_tree,with_prior_grades__with_interactions,True,True
Walc,0.0007458186526726232,0.0007458186526726232,decision_tree,with_prior_grades__with_interactions,True,True
Fedu,0.0005049686181398176,0.0005049686181398176,decision_tree,with_prior_grades__with_interactions,True,True
failures,0.0004158645059891305,0.0004158645059891305,decision_tree,with_prior_grades__with_interactions,True,True
studytime_x_absences,0.0003874612431314748,0.0003874612431314748,decision_tree,with_prior_grades__with_interactions,True,True
Fjob_other,0.0003471795784846034,0.0003471795784846034,decision_tree,with_prior_grades__with_interactions,True,True
reason_other,0.0002600249441259779,0.0002600249441259779,decision_tree,with_prior_grades__with_interactions,True,True
age,0.0,0.0,decision_tree,with_prior_grades__with_interactions,True,True
traveltime,0.0,0.0,decision_tree,with_prior_grades__with_interactions,True,True
freetime,0.0,0.0,decision_tree,with_prior_grades__with_interactions,True,True
studytime_x_failures,0.0,0.0,decision_tree,with_prior_grades__with_interactions,True,True
schoolsup_x_failures,0.0,0.0,decision_tree,with_prior_grades__with_interactions,True,True
Medu_x_Fedu,0.0,0.0,decision_tree,with_prior_grades__with_interactions,True,True
internet_x_studytime,0.0,0.0,decision_tree,with_prior_grades__with_interactions,True,True
school_GP,0.0,0.0,decision_tree,with_prior_grades__with_interactions,True,True
school_MS,0.0,0.0,decision_tree,with_prior_grades__with_interactions,True,True
sex_M,0.0,0.0,decision_tree,with_prior_grades__with_interactions,True,True
address_R,0.0,0.0,decision_tree,with_prior_grades__with_interactions,True,True
address_U,0.0,0.0,decision_tree,with_prior_grades__with_interactions,True,True
famsize_GT3,0.0,0.0,decision_tree,with_prior_grades__with_interactions,True,True
famsize_LE3,0.0,0.0,decision_tree,with_prior_grades__with_interactions,True,True
famrel,0.0,0.0,decision_tree,with_prior_grades__with_interactions,True,True
Medu,0.0,0.0,decision_tree,with_prior_grades__with_interactions,True,True
Dalc,0.0,0.0,decision_tree,with_prior_grades__with_interactions,True,True
health,0.0,0.0,decision_tree,with_prior_grades__with_interactions,True,True
studytime,0.0,0.0,decision_tree,with_prior_grades__with_interactions,True,True
Mjob_other,0.0,0.0,decision_tree,with_prior_grades__with_interactions,True,True
Mjob_health,0.0,0.0,decision_tree,with_prior_grades__with_interactions,True,True
Mjob_at_home,0.0,0.0,decision_tree,with_prior_grades__with_interactions,True,True
Pstatus_T,0.0,0.0,decision_tree,with_prior_grades__with_interactions,True,True
Pstatus_A,0.0,0.0,decision_tree,with_prior_grades__with_interactions,True,True
Fjob_at_home,0.0,0.0,decision_tree,with_prior_grades__with_interactions,True,True
Fjob_health,0.0,0.0,decision_tree,with_prior_grades__with_interactions,True,True
Mjob_services,0.0,0.0,decision_tree,with_prior_grades__with_interactions,True,True
reason_course,0.0,0.0,decision_tree,with_prior_grades__with_interactions,True,True
reason_home,0.0,0.0,decision_tree,with_prior_grades__with_interactions,True,True
reason_reputation,0.0,0.0,decision_tree,with_prior_grades__with_interactions,True,True
guardian_father,0.0,0.0,decision_tree,with_prior_grades__with_interactions,True,True
guardian_mother,0.0,0.0,decision_tree,with_prior_grades__with_interactions,True,True
guardian_other,0.0,0.0,decision_tree,with_prior_grades__with_interactions,True,True
Fjob_teacher,0.0,0.0,decision_tree,with_prior_grades__with_interactions,True,True
Mjob_teacher,0.0,0.0,decision_tree,with_prior_grades__with_interactions,True,True
schoolsup_yes,0.0,0.0,decision_tree,with_prior_grades__with_interactions,True,True
schoolsup_no,0.0,0.0,decision_tree,with_prior_grades__with_interactions,True,True
famsup_no,0.0,0.0,decision_tree,with_prior_grades__with_interactions,True,True
famsup_yes,0.0,0.0,decision_tree,with_prior_grades__with_interactions,True,True
activities_no,0.0,0.0,decision_tree,with_prior_grades__with_interactions,True,True
activities_yes,0.0,0.0,decision_tree,with_prior_grades__with_interactions,True,True
paid_no,0.0,0.0,decision_tree,with_prior_grades__with_interactions,True,True
paid_yes,0.0,0.0,decision_tree,with_prior_grades__with_interactions,True,True
nursery_yes,0.0,0.0,decision_tree,with_prior_grades__with_interactions,True,True
nursery_no,0.0,0.0,decision_tree,with_prior_grades__with_interactions,True,True
higher_no,0.0,0.0,decision_tree,with_prior_grades__with_interactions,True,True
higher_yes,0.0,0.0,decision_tree,with_prior_grades__with_interactions,True,True
internet_yes,0.0,0.0,decision_tree,with_prior_grades__with_interactions,True,True
internet_no,0.0,0.0,decision_tree,with_prior_grades__with_interactions,True,True
romantic_yes,0.0,0.0,decision_tree,with_prior_grades__with_interactions,True,True
romantic_no,0.0,0.0,decision_tree,with_prior_grades__with_interactions,True,True
